malK,galM,fis,araB,araF,malE,araH,aceB,araC,galE,araD,ampE,puuC,aspA,araE,cyaA,aldA,ihfA,ascB,malF,aceF,ansB,araA,lacI,lacY,zraS,crp,aceE,malT,ihfB,Fis,lacZ,lacA,aceA,bglB,galK,aceK,dcuB,ampD,araJ,ascF,galT,bglF,modB,agp,argG,galR,malG,araG,aroA
228.66787796686333,143.36065995842284,177.6554805342075,126.40914168824811,158.7837610939087,242.21672649700992,170.62646210053205,55.90498158278665,197.15996971940925,171.40470938205286,165.65836380297793,129.51161836970138,182.81327958329734,49.41203070093581,69.58520292176915,149.06520371739825,165.00231884327275,60.78457840122507,110.58007465621122,229.04900523901804,106.22224472116186,188.88243344333247,226.89265432854978,114.70513384443997,143.1381455522454,178.8685321595772,224.75383338647802,97.13355389508497,84.3600315806241,18.39267356487399,98.66490447922246,238.973826312323,191.3625496070634,174.98864327603545,252.13395376801498,121.87387918272886,77.07465908478468,128.8186865531881,121.44806770728968,174.3167035238778,42.81202894194305,255.56077343499788,187.44603034031277,110.6520228145613,93.15825459582956,103.20748344663559,118.7136656496694,190.19953968115445,232.36076009758878,183.7268985835753
226.7026228390992,141.6023325250373,166.27044430679575,120.77823847548544,169.1525428687287,256.7502296399499,151.19270542732824,52.975054710331946,205.2137910984252,175.15595280058247,165.52790502574928,131.33799738737966,170.89518913089302,51.215776125172965,78.99812561428352,164.07279428815687,172.94966135592114,62.915992888517366,117.8276449960687,238.00583130995636,100.51639910429284,206.29669912454892,225.72316279343883,133.19768447354323,129.0296338523619,185.34150095622763,239.1061897214999,93.91138335562799,87.33171665071838,16.897381198608112,100.56769086406167,221.76000797128052,206.1778936954143,179.77267063405648,232.38804521597285,126.3354995556294,79.84613551914386,144.43461976065853,126.39450875651605,177.09637746431014,41.46085220272233,265.95419045837053,182.029857390444,110.5051830157338,98.35864104803757,99.44033613232067,123.29161155133419,182.77764916805884,228.46109258368074,198.318249153009
207.81876785910242,141.3507657658887,169.07222989405238,112.53434301453852,159.3633263220138,250.07035045692925,173.26555009407923,54.27211973372183,204.45883657629554,166.19755710596428,154.03193363119394,132.38725640617375,181.15965217949042,61.49894676275936,75.12698284310831,155.64465596656186,173.27249916160255,56.44066128803373,122.52097753950083,255.22558829000917,102.6990335458711,182.53541673948197,242.557870350093,114.83652992522916,151.46767073064422,198.46797073137196,226.56425518568338,92.6646524285961,87.36617838053684,18.19893933856492,94.09279390553608,218.5835392461234,181.58601800519835,188.91293437371877,231.10266558202403,139.9836507700096,73.3445870903466,139.81027367352632,135.17522617173333,162.30665895417167,41.73202338122328,270.49374273918164,173.97284401991513,113.37231494885515,101.61792517981881,111.25498382221183,114.19400790060574,168.8810782042799,234.4417903125552,203.6599415254348
225.8699906515836,146.8775399835709,166.244651765297,118.50853634154278,163.02516507789807,236.47019304715943,173.0888107604101,55.09028593243636,190.17105805666947,172.38445052878083,161.47727479408874,137.88380146918988,191.38688728255147,52.18649929884007,79.59622293240358,156.51271330759485,180.85653477396013,65.7897068066758,114.30515998625694,236.716767869458,94.42212187538136,183.39147525068842,225.25779942086683,125.29360086324043,149.13678320736759,185.39044447447887,238.22259338259775,102.51187840500931,85.78917412209894,21.38191679697691,104.9094926297048,208.6967508725616,181.50805458932564,188.9968301946551,239.28615188662857,134.25338403413716,78.10024954810984,141.56343855758394,124.40674034464439,160.0183277230356,40.349138206918795,264.46575383675076,190.56208883699162,105.5472366398059,101.17835545734134,109.0710433578953,116.22796630674833,181.79939863715677,229.06840844299197,189.5122945048911
227.08497727102414,148.46006419533794,181.56510732469943,123.47792712504015,149.9598338355328,233.84265748146066,161.78492950929558,55.20044711996244,207.10823517708812,202.25637060636532,174.45084797308775,140.30734866238876,189.4390385385681,56.1725108131966,74.6667121570048,159.24543947951582,166.99432381164175,59.132625742661915,112.94183395522278,246.81643183499338,110.82850841836878,173.99913564253953,234.0216462680264,113.63214101877104,143.65760995337965,187.8328514169203,238.834157466583,90.32504145504777,83.87775816627628,19.307951085908154,98.03223023145081,220.2059077285998,191.9285653868272,178.57820085674848,269.3550688344088,133.7168983857114,68.9288105968977,143.41063764141654,125.5628869543188,180.12523967395595,39.6570900198744,251.9309409307325,193.35400737635655,117.29982831474595,94.46326119188633,105.21527749160148,118.62877692338624,174.6093437210779,249.48105036375304,204.76264959555652
209.43024634368874,151.13445410097322,191.2477207742289,123.34626622885915,148.9011188713668,239.20670045502078,167.9828098209883,51.93008436382181,206.37194912254,173.4052225236475,161.8632720778517,132.1689216771495,153.59262745512675,51.65766365175808,74.90116369824746,144.04259240445506,188.33487882794216,55.70760521905414,113.19804502058848,247.42022115239214,106.09286267159588,177.7930944925868,239.6689975643982,123.23755625571933,140.04361648607946,182.03702910688315,240.44909238880052,92.50763031668957,87.23588475751625,18.306778793782705,102.257127936395,225.1679700173788,207.29553830761157,173.41990458601276,269.20816609336356,117.49837754353416,75.69727149225429,146.32135310297093,131.6235087640678,167.3179245106579,40.832962989406305,247.21089083013234,183.05838433928045,117.2051287860438,102.11264667814528,103.34656976347611,127.0685055667346,183.20075889255156,237.87691018504628,207.07558220773532
214.0019609030555,140.36802391636937,178.54245668616147,120.77035177266595,160.48586537748898,246.5108740809971,168.0731563364137,52.23241014700915,207.44038902881053,165.13938039102467,167.7063348082431,140.04949901789533,188.22499057731835,56.629691078930925,80.969438015419,153.47664223646316,179.5939971698179,58.91586490549785,117.607103487208,244.2137849928441,99.19631905766354,196.7967445443735,217.06342084914107,136.75917812210685,139.8721070321195,167.40156697271192,252.26016404925724,99.17491502512362,89.6875223645264,19.258535642424526,101.61613153153914,208.27876625759257,192.21891089234265,178.35011152576467,254.06477391456374,128.5960436106476,73.18983249736584,139.814997065519,132.49469677546998,167.81203110459901,39.59824362480663,256.48654027608194,190.85647551212415,109.51903541327638,97.97123287869275,108.23838592214389,112.99483888576505,168.14798081800936,220.34357633951797,198.52798218482278
226.553315762742,155.4065488016981,179.53043114935141,116.2072672409282,160.50099498128856,233.0873483722173,157.52598635954377,53.0295244613826,205.1261335560289,160.05826935501142,174.00183212894476,143.12151541753806,179.63538916450474,55.475613585687995,78.51620481508806,150.27052532896306,175.52925207465444,59.87465929787408,116.2827732012336,236.48875830570782,98.8374535854351,195.84303681620693,243.14495481615586,129.22637774671009,163.80692961171323,171.18375516592164,248.68112173257765,96.20382089934205,96.99076920332172,17.923669946879368,97.49767621144541,211.4038935298428,172.1988423578427,179.70540506669673,232.96229819957057,130.52288882115212,77.58849606690002,156.05334957422767,136.10371964032478,167.70148692948504,39.447672648322424,259.68978568276873,176.48955913135637,123.10263897342745,106.3991741193777,104.50916723046602,111.50725262091782,193.04266706016537,227.09836681011672,213.46934336492615
205.96650236420197,140.09321418106964,172.03947051932843,117.41578338405391,157.0788138812377,252.82112778529125,149.47588459244025,53.41880200428411,203.06049288053904,171.16387334942,175.6826507689092,125.31429948056216,167.27873278668383,57.95934313580949,77.12392434804053,147.68385419465014,187.57123292379902,60.184056627701445,122.74462518329725,246.6393347872965,109.4303753338271,208.55037804713868,223.33042462291235,129.305877219674,151.9115054705061,190.4779666365435,226.8545890320441,98.65259604991361,91.65640788963297,17.091822327644586,95.83727589210262,196.71943277355751,188.9295725876316,191.23130867071006,260.8514572125489,130.02589908524953,82.74488073622547,132.6062642532541,119.19096152308269,172.1305728407621,42.06007933863621,252.9665055157559,170.0174833350334,111.83108132211991,93.97251386129308,110.63286560310229,123.72684507936567,172.12545996147782,222.6090077221849,190.30760559932503
222.36073015926902,151.41643427195427,163.72291282141904,120.13001751528238,156.45025050369162,235.54361444477234,156.83033876421396,51.086467567440074,196.33191724485619,157.11933072458316,187.04229346969774,132.7968158249218,174.4051276710886,54.957323010609464,75.42821672872601,151.63096630115604,178.98632717324787,62.14678773584559,112.68722520900339,238.83197002200004,97.36808857077773,170.25844256526167,209.62936731535444,131.887053988387,159.6969151726802,175.67806559841236,245.03063816351,96.82105515979158,101.39965663255532,19.737410450760333,101.0301267004253,207.6726623436767,176.71218568526925,186.37854701250163,232.99470453368693,120.65270714779763,73.8475421401391,134.60061564622382,141.21070396860964,180.38847251893472,41.24364960998011,272.8409528299334,189.26379739120162,107.59576866083681,108.24335861010921,109.9118935413279,115.33997292546616,178.69861732207787,218.61874825374528,187.25333439375504
233.6312005423984,158.81620652409282,160.37797396349742,120.48445875129097,155.51136624175282,239.17212190751408,153.07016300416873,51.52577754096499,202.33307567331218,160.02850790373682,171.849886736603,132.23031019781192,178.46986900571028,51.960289331143464,73.69679183075421,159.2169530610341,177.97568552639086,56.98260143243446,116.29240301640456,255.2186218837816,90.81103826584969,196.2877315542369,218.7587269416241,126.73928783302318,141.5802076692987,162.52971462228396,219.46182214996642,95.55540365159311,88.06822423876481,17.837826124768693,104.97731288387668,200.4699018983549,190.86009363678605,173.65243693815705,234.21545927809854,129.85245558825258,73.0621685420283,139.3740901420206,136.48444990642093,167.70158575716803,43.02065674445621,239.4648124952854,193.5940786341421,120.72605412468661,88.64535054280009,102.81063614170313,125.03578389891769,178.58511982323196,232.68079680780303,194.68894996892143
224.026515585268,143.23589779110324,182.33594702632615,118.63995896189698,163.38854653271255,240.07368305611664,153.87426117192527,52.649347551184505,205.86317615003924,163.34266860708505,172.0159570004224,147.058008100277,188.6556552434201,53.49331894784711,80.54842293903683,150.21902967467054,156.75668978479246,56.8956808151941,105.38302012724503,241.52560400605918,98.80735329416677,207.72923084523165,229.85460932376913,121.8325017469241,153.315767125846,159.26160805963045,240.88897343707256,99.07183911230608,80.73695105261007,19.761286552844435,103.41390765623544,213.3589007300118,197.64722483333122,206.6737092052884,244.18510775221165,131.16288458945647,74.5420447960592,136.16905602732976,135.2889468779719,165.37680333265175,41.40799988110718,247.4006174630665,193.10273851811795,114.22025406383518,105.64694273991468,104.29597335787749,119.85139668272286,171.79113934713848,223.384742347599,204.47944165305924
231.6631459531412,137.85032589164197,179.63769937430112,125.3555629177759,164.00922846474634,269.17979194695585,151.68812962161158,50.55435128215046,184.66680277079246,179.7742136959751,175.1804850752284,132.19496604823806,183.16101319870853,51.39718944294948,85.71993682779717,154.3093347003395,174.52549308407131,62.04823563313157,118.53302116837035,248.57518711533302,94.89085973777814,195.58342389898786,248.4401153040566,131.74565314099826,159.2839859596222,173.39013401703625,226.57480771680247,94.72828435974303,87.17450463074225,19.712376218187014,93.42802975113075,235.1485963828938,189.98483640805358,180.59601388047437,230.03421172349516,119.25762651546614,79.47876666790921,142.60168007387023,121.68040819295554,161.78637296068496,40.5731512739344,275.43258672482324,186.10179563082673,104.19752583499742,99.08109493714596,105.54077766285798,106.1551845850116,179.91830293729947,225.78055304956018,207.76605979301166
244.6632397487049,152.7198228203306,169.69747802163116,110.83537743973768,182.71342510376434,245.79568915609755,157.78171999175066,53.73558802829597,203.85182575466018,165.61759047505188,164.74773127584348,128.98732385871952,180.3193642692173,52.914992175480286,73.19708117622403,154.1335920033193,171.37467175902842,64.51020284152374,101.35129287962236,259.5959814672622,105.06249553854525,172.21506603169948,222.28630814335227,120.90802686722427,137.09221042773348,171.09417141055832,225.20849465087036,104.05457249613197,91.09560725054915,19.88796652794442,105.41429354585081,205.87877708179818,186.53495395852025,189.06206563625392,227.63122215888487,134.2466576790325,75.362899205769,139.4419451578278,134.48384038476138,176.48641132531827,40.522098847513945,268.5019880676824,178.61277841002828,115.84375142530159,103.32515615581598,105.34664072019123,123.47676642774215,169.4676307903156,239.2027696485199,198.81153370038555
217.30432221300399,152.128754151073,166.04262968806617,109.17468836808347,148.6239802159167,252.60834223104135,147.89382632036293,58.73415795331334,181.88828449511783,181.58471570335757,171.33991257343828,131.92339673168993,175.76031738931988,55.468469874677126,75.71044271006097,162.01084697506772,174.56767099172419,60.28834693261082,113.63147189051729,245.10921364977108,100.24740670008775,175.37125283830846,211.3871604693407,127.83819926041144,148.34974456227812,176.25041256478255,238.28730391690917,96.99709796337225,84.61721056074947,17.950569845887475,102.67892626565663,207.43571501017774,195.44075564327943,169.43636735293555,254.7521330337017,132.64266583327336,77.25663928841351,149.23525306746694,141.05780484397297,181.5896046528771,37.631899157795274,237.67708810771603,182.7341658365296,112.47714942799531,102.93613628181599,103.17704376838398,122.6193325880413,173.7206365685606,221.52475848566698,187.03006159384108
212.9959744678411,134.92142035145886,163.8035890933551,123.47693772860686,153.20563027366336,279.5437585658792,161.60934772687207,54.29996388773229,193.36338811179138,172.76200842605948,164.73145649192935,133.37404811197908,205.27928445103672,54.11194456392755,80.33950768180534,148.01881207035578,173.2701017730302,65.37655952936046,112.14501010476731,269.12436341765476,102.27228382035072,185.72930282033028,233.39236189521966,129.3122359839475,151.73261365431262,164.44788529690592,229.5678318646706,94.15346365425223,86.60902223612116,19.251148126052243,102.58581688027684,203.76612812622074,195.1667942484363,190.21136666365155,248.84315182693922,136.73817304505718,79.52150423277851,145.3796207303156,129.3326492972634,158.8535441078308,42.15598617414753,256.02528585178004,191.1106007113495,105.3837135233547,95.02813273223266,112.77460914825754,121.2395818784418,186.66072300002298,228.72631747996383,200.95685292235723
233.77266333742958,140.67813231131453,172.82297144050656,114.46379193305329,157.20114140813402,241.30969043067142,159.43284240346983,52.52789304582805,214.92238303932066,159.51996941316872,167.9648818114928,129.68008449863183,194.16650855137576,54.90946192678341,79.86918123354424,142.34022987975663,175.90667464581793,62.55869807716947,116.19331577152593,259.25838273734973,96.19589512800115,204.9735534529114,253.67286736205892,120.96004244233417,143.84757426391556,191.28685751210247,257.6324651475119,92.86612812041577,85.124621972411,18.401788602466574,95.06797010389596,208.05605239117477,182.1148655125403,177.54369443360858,241.55544167038457,131.0710643346955,82.42233001173197,135.16167969681248,136.33460125621122,170.7723317208579,41.158176146048994,262.07554521403256,178.24112685368266,114.49899201769665,101.14432115359473,109.65687123433992,123.24876509534613,203.97197880482514,221.23450568526192,195.40074811074925
216.21599876451538,140.40104180408474,166.5994434180785,124.31555560167071,172.47911636742532,238.17421997406797,151.24458816738414,55.08362766968539,196.34591877257714,172.18096924519,171.27058151778908,122.88757047494592,195.14491731924636,59.48069623505652,73.56419306922204,150.37213436621403,176.0722378132191,60.84603061125551,119.58989326257414,271.79861046007875,97.84687412036551,183.55213269643295,211.0583521208395,118.75418558618352,146.8443238699592,194.5779477617421,231.98549388418317,96.3985704805216,86.86059868909183,19.80544224242828,115.3719500526595,212.12944643501507,186.8624310709899,194.37993400374785,250.36699908018105,142.07630630443268,78.53369592312926,139.5502549237371,133.67731370371644,182.44812703695982,42.98795212116046,259.88923724668666,198.86120406893824,119.09366827260882,107.48311423620122,110.51696838737968,120.46875890906084,181.73567621487973,242.60526488050533,192.62699151656358
227.2086126838546,141.5438873808638,172.2417453779534,124.87271055296748,162.19606895643997,245.6386527198244,147.30765445143237,55.84580629663011,208.46337297178064,185.87273437720887,166.95254179744123,134.02342502839318,182.88112880561064,58.83462882910339,75.4924807096078,155.46945350107984,178.93022205158775,60.39789187562536,113.16188895691836,248.205159952516,104.16047060759995,181.46954188004966,227.6362796989426,118.9372627828304,156.14447249519105,164.83510392754076,231.50681601874464,97.14090648751022,94.01006640240121,18.601636931857037,98.89460229772332,239.3191404410876,178.11759184306973,165.28418485955174,247.3573335606482,126.3336223455365,72.47703332811963,147.20220909787193,131.37897468815993,167.80906020404413,38.70158534611827,264.67818572337274,194.76300078683371,111.77486777007826,110.00850253828203,101.41584451957787,112.55816414048796,174.27285708380293,227.882683170008,203.11440433089544
220.38436283374173,146.91872424826454,161.56132210903394,125.909140534999,159.99513256250276,259.14934803302754,160.3970592695545,55.04325973245668,207.67565497403706,170.5937344077995,175.07853434044452,141.6720257608509,182.39838924564285,56.33455605356008,75.51346992541328,164.76233742235934,167.80145555017376,65.47515561489034,115.48414205222419,228.83756009751366,99.35073130084365,184.63132675202735,235.83508878407534,119.22005562512379,143.842676971645,161.84319149904783,232.74422232815533,84.44563956208614,80.3129214970119,19.386129377289674,105.75283689878222,222.51911353852466,182.4535916524538,184.05250218924826,241.93113905223083,122.25520215506116,82.22844479507361,148.45138127349165,128.3611581515885,172.8415035525773,41.69223600517632,228.79012181336574,186.21734458227357,108.5647012253864,95.40631853754034,105.4965826250299,132.90448170147113,186.28164738627166,221.97201166829882,206.48578144262314
239.22456192879125,151.18563489516546,172.5079398901152,113.4118032387336,166.36133138645758,249.93827978802557,164.88953341192465,55.53649353222155,212.71788054958265,162.4122277635313,181.0853027587543,133.87908772146758,200.36290190860635,52.53074159028254,82.73113602476634,154.84021816816025,168.01112261164286,58.40663250926528,113.87755069519784,251.07694846119085,101.33105039432493,185.62501512960253,225.85266849356051,137.1007023232223,160.35763049021313,181.80253631688913,238.52057673144077,95.89976594011813,89.63999230581094,17.732470823597506,100.37827598851509,200.3991083155487,195.3525376432802,190.5598692907745,236.19882759354698,140.15209888509858,71.73961372388888,132.0486806319126,131.2519342496619,181.88700330614037,44.884484072801946,247.63295135156136,198.9806177188222,112.11443702792813,99.44397734203365,111.82292258045065,125.50712188978576,166.7337136507647,245.90302904225067,214.9933255453418
216.1898146998503,147.24044701252203,176.29579797041944,118.6770570844612,156.29350697751426,236.97592859479315,157.47053960850968,57.0494369397503,207.40411889795632,163.7545667993155,176.21122869467695,114.96525484191575,191.29284490135566,49.842710363656806,74.49081190117903,144.96824244252866,162.6933286888635,63.412758845820626,113.04161890002479,250.10388123369594,98.4850815276467,195.63792563032771,226.99811228745787,115.52102870767179,154.60024083442826,173.54156182832088,220.241861594098,93.30710123832371,93.70613424778757,19.47337570352988,99.92121539053996,214.06447146027347,188.43684349309783,204.67922998324104,246.64006222286412,132.36072991857347,80.30609681614115,143.78639772993492,128.1170040184544,170.92301077323583,41.112644291163726,252.90924685078426,195.5184712566303,112.62264736370375,104.04857034477612,106.55888528790021,121.9581704384162,163.25405129999024,239.11070214464587,204.16466298634077
234.47182563383458,124.89382781158574,190.92496176330448,116.32556192341988,169.80659162232377,232.65215495764716,162.5774964741142,51.040068317531656,195.64478616500782,183.57091438874133,167.93288119614024,134.01191656591652,188.6456853126013,55.73687951564532,76.42568111368935,156.13893902566082,195.7369885003133,59.664834237680545,116.8856459910969,259.0662659864702,104.32670877919476,202.7077135061231,233.46615452013376,116.33243898487923,159.6048271063217,167.970384252058,241.69755735697532,91.79778624738148,86.6536160640537,18.972208873181465,103.32532407676334,222.47976665365067,207.5827839657368,188.7235673467815,239.03869234468192,135.94267285419556,80.94783179726996,133.62120926932946,133.72240557971975,178.7680857170425,40.65076312897871,271.4226415033881,187.12383193573154,113.03803499808056,99.44176710316141,107.07318014024165,115.0000550227782,167.87423107400969,247.357708865684,192.3380206898317
212.27132921665512,129.6200219186727,166.58632739043435,109.64170476780451,174.40003465996193,257.76043105283,152.33904209076417,60.21391946709916,211.99812322056616,164.12985452545544,149.62440947646417,148.65143613238746,168.49204953115645,50.07831128545412,79.8321540505885,173.206723705128,186.0126578472053,61.54811344906424,119.20906935166818,256.52392634114176,102.53431659222842,193.7314966397312,227.30907656994225,122.78962619893271,141.6460193014681,175.40037106241525,218.74519681777846,94.85837535572313,82.73941652545709,17.66097902606448,102.59706680242893,233.53693341600163,200.48922122516151,170.55905365751815,230.29287223163143,135.78428336317975,72.61757708770273,140.49300959667417,133.40620578496274,164.45113845818568,41.47805778977512,237.03090971187407,182.94855584390703,114.14101173071626,92.62657820567429,109.37226205823009,121.36038060742906,185.4605361587709,230.97418627504902,214.82192679195975
224.45969387462398,141.28886614456098,173.0493165118023,120.36601326962132,161.0466308604533,245.56687706894084,152.23364972040062,52.04645628417931,188.1724602265954,182.06764916830883,159.31849966524823,128.04884875871525,174.24229401763577,56.86068550016893,74.74261046657884,163.18512607984982,167.82580260436174,60.677530318631824,110.98263716671568,273.63869881747183,93.02527106547926,194.00901494483895,233.40833980493133,125.74953940688171,145.731366295232,176.72836880941955,238.58985309154215,94.6278542212105,91.224145953642,20.843939761387613,98.88326834852477,203.415355403847,190.6483350236009,209.89178525326145,232.44404626776208,140.60924844076402,82.94820787776692,138.20111498227948,133.53254107855523,187.25110982206212,40.48531829265165,250.81429634310254,183.12872744526402,106.77327869893375,97.10199603286146,100.63866839726427,121.68680047501365,173.5939509847511,231.08822070716664,185.63968799142106
226.7796724599307,150.49851482377196,155.67569468217337,119.3517646586101,170.82410507804397,230.68604795095743,171.42480464177524,54.93950694346424,194.85166070922926,166.35283183911093,174.3412958681758,133.0676108759186,185.5464004283292,51.92624070125069,76.49809785372469,142.8524773267882,172.6108744355182,57.192819848312766,111.53791999110878,261.4794829028693,104.25258068126753,196.93436434434378,214.10894381827595,121.24117805332557,156.28546486058772,179.14415106858561,267.34016809214785,97.21916539290223,87.77073408346968,18.376658026803316,102.35955678702925,216.18113225963623,198.39303519295075,193.53178035403204,232.64967706628747,121.20305355269163,69.58305688849255,145.73486208211207,122.8209639400307,154.99396621700433,42.069571593709156,287.01710232702567,188.47584102194915,117.14003167095792,100.71726921532942,106.46210414433239,127.19230900950038,177.80792442476832,231.4768493113326,203.91175082902112
215.73059976468565,151.69605568464308,170.49632758997248,112.79647085019572,165.02161154511487,234.30327850314418,157.89419425343078,53.77592121224826,213.1047706670706,170.8241032665465,169.3296073765459,138.09548924143036,193.61614513871615,55.91029092910209,75.89231788604394,143.58201196624023,164.57154509789115,58.93071962130288,112.24292657453998,243.5208578205146,98.99641182878212,196.1536398564179,225.33217978774053,126.20748683722323,147.56268576140337,161.14935745130634,227.14501329577817,94.64164461409055,81.8297547378982,19.23119179480783,109.76614824025619,231.52276739204018,189.45897531442625,198.76891713181328,243.78011137843387,127.37998367316489,73.9701207245618,139.94729773009732,127.29245147193276,174.086365460924,41.5926921847021,253.41897054393735,192.6972469106264,119.22087272399355,105.1831919896804,99.33407620999841,106.91672970412141,189.03527052364646,213.31422533384517,198.41566450029848
210.38291546840145,131.91763438544854,176.71440205199906,121.67214213794348,156.08885558348598,215.29035871276903,153.42377621446806,54.86479883956461,187.4558908830364,168.3537592913166,169.4118970828138,136.45865253607963,181.698043327685,51.790384063266266,80.52972812635777,152.10509811387124,173.33668451115068,57.108921477666875,113.1797210732932,235.17055731448244,97.8664511655571,208.09589669712213,211.13664908095706,113.62733716992913,158.31518208710128,176.02724169926313,230.2352866279051,100.41355511541653,84.33904183191193,20.4470288345009,105.18397183017207,212.58556219844172,213.30222701547032,178.98837803423018,251.12178780879222,131.4982501052931,81.40351348798765,153.61737781214546,129.99503468933364,166.2279143439358,42.2200147294204,244.93823081002546,208.50077167014294,113.09999047013899,98.4904639932165,107.98232865258184,113.56666788086929,171.85256288566944,242.53134148039567,194.17458984632466
211.68289561669295,148.28104198546538,182.49941234642583,121.42781552159151,168.85719141808582,235.96889201335048,146.85204170392765,57.99451506917313,198.61239382049015,164.73824639251094,181.18311591967532,136.3013962237149,184.77919594775335,60.58867900219342,73.45125016823484,160.59572816389476,174.0689943125019,60.64598049413381,124.90638555179426,252.12952667877218,101.40941257492231,201.55029598898545,222.03898409836555,118.11298991472101,139.60107533471034,161.2227775182339,263.8460435850148,90.2101146506447,85.97555256002752,18.40636321982756,103.25327711917768,226.90399170816136,199.91021283954197,179.19108506310354,239.961184151339,131.38841192436126,75.33138252183058,153.96982937588928,133.01272431107077,179.06960902449757,42.650536269198284,268.6919405597661,190.24723399531607,105.27794362086462,102.33074919079834,103.56150942731193,118.31085524404925,185.7749174245974,242.99099946573955,200.87161945132334
226.5298171384587,157.17935078081555,174.0772914357548,133.41391861321293,165.2610648091237,224.41602848980983,163.72417878457506,54.83560311900098,215.28802553730878,172.52782833564717,168.3719808939348,124.69143557811846,178.73710254236047,52.10869995515457,73.68296717007469,157.89450430493542,188.68827384009282,61.029498053941865,108.99990020921089,251.33363907425533,104.8030299715704,185.290422600626,224.61767813999177,123.26501130306171,141.42710669479888,183.7394958455526,236.63242809291492,97.3466770399229,83.15871872898613,18.259110883933882,105.4180320973044,213.81228683525885,208.76158268076964,180.84219739889815,244.70844941355674,135.7287565300482,71.05207679772182,130.10592816212247,120.25484892180168,183.85730185824514,40.13717157367948,287.9543015538934,183.2884240784186,113.3718469753474,108.34616214318714,118.27805126785034,134.66921871920454,191.64331887496968,240.40220531393265,206.6917934981618
231.91083883519534,140.4311709077909,165.10007432265937,117.12053133676451,159.292434093018,239.57783049160437,163.25860324551522,56.43260058858777,202.7369836385549,179.60787163931099,160.13449361232105,131.28546952604088,174.25610278712372,49.527650638752846,75.54011203254423,152.38509248179892,187.21797328569488,61.754344522950284,109.93967195818425,269.68531808670275,104.93097928327293,196.66828488637262,223.581589703018,117.40508612495182,144.37571218785854,187.8309545282353,261.5916561435682,102.97272540785859,84.83287914113207,17.646831084852945,102.39715698950367,199.4010563373785,194.6110675053494,183.13553248339093,236.40145448456545,119.61685527282025,78.25802469528816,138.34552348971022,122.41295497664764,149.51812269332254,41.20336957835833,276.8579082409281,204.86195061051527,109.79233517375923,97.33077273989976,109.52713071566792,115.56430048471867,183.15031582053544,237.32114444904371,213.35321468035053
221.94447207567652,142.89256872653746,164.60729649847568,112.39599352828134,158.8447019477442,249.61207496880016,165.04123066878245,51.68268477832287,217.48362840576382,164.5711993777173,169.3605946883098,127.70162626199264,159.99701762436794,56.82976459595353,78.69975399171021,151.17404934067895,174.15585545043382,61.400667494357215,107.01979602983154,239.39107902402648,102.71563481309906,179.4145625745928,229.47142308234677,115.09675254227096,150.55837038576723,177.5625382773448,219.59804729722669,101.04226984514243,83.79690600474211,17.921918753964867,102.70318159536248,230.71241791470013,182.00853190501147,185.06194654006768,247.2188775756058,134.11319681350116,76.94981442214907,139.49628907872628,124.52624993637613,173.35437544358098,39.10650547345607,218.94582043329345,192.69360144474632,117.52396548504815,89.1285034205482,101.72234966418729,125.29914950596519,199.95501017132253,228.64027918092154,193.4854409173315
221.02815831007013,154.62774585883594,166.5280121329667,112.55170425342838,156.82237196661814,233.6614579404254,158.64192364900424,58.35328635840832,205.1298331702644,164.7257227614098,167.08588129427696,122.59638555975837,188.76874172052663,54.16127032567992,75.17162547827859,179.8554682024007,176.18573107899707,57.629477154143125,113.27553799581288,260.33608941678585,99.27707016233283,177.77161992045367,236.76357128772818,119.12757611561811,161.530542395321,187.7492606310388,232.80223434638097,101.63142545423071,87.22739461341575,19.475860599571167,104.17282272944327,208.80948696280547,185.42809222637766,194.24197265472202,237.9580735605899,126.9567518898786,72.71700341696005,145.1212129453715,143.8861401683116,163.6375747754834,41.310089046741346,271.91862693937964,187.78380174200996,114.9002225919899,95.11684967924967,109.30574217538074,120.34819280036277,189.52181154461306,242.37340974955885,228.39591630899358
229.6178917810596,146.7259532994727,173.67417048928922,115.08994983678919,163.39574543859845,241.47589797254426,159.0055556854928,57.464170536846915,191.93600694031812,176.60108070138264,181.08277665184275,131.78260796506356,162.43443497524814,52.74488727056723,80.93509700927464,153.1403455954649,165.11397149731624,58.34566129373291,120.68358507627336,252.6203681858738,97.5440922632782,187.5550440640725,221.74159103081587,117.62265742755923,159.46080214473534,175.03552018967304,253.00603301271235,102.85989067363293,91.38133171183998,18.264441485046884,103.75176184621422,217.57211157535855,183.03173671722814,187.50857670407942,228.12215971398726,137.47098611222413,74.52245623844549,143.51612153329833,131.6386200353273,170.3892404481562,42.488373517893486,247.4346842774163,196.92801281702046,105.01955262472131,100.94186810080821,117.88151676457333,115.55305728732323,174.39631298109728,234.3476372861853,202.467930288705
227.0037264867943,147.92954665181986,177.5403343174633,123.82351700435783,163.97957625732857,242.1305042429935,163.06432898084543,59.16178752310231,200.50866449081548,158.88378362150087,179.19104664750213,131.7673705795342,162.02225639096872,56.72579395272942,73.84966150112382,152.62310730608957,176.47868424721753,60.40964208937184,119.89468239011512,240.51364980360984,101.2817663985735,188.56377100259107,234.63735007403275,127.02330398026595,140.36657842776629,187.80497457518814,231.7727199369914,99.25624751081298,88.54315233050197,20.459478692097512,100.54861450724451,214.06383898846352,191.30589189836255,181.7164733336822,251.84916540923163,119.48769375071079,72.35953612799094,134.6931522658696,136.10292856552815,188.02245304819397,41.0451763879464,251.2505734962212,189.19457598797587,119.04950886083161,95.76125358763586,108.27258948881615,127.54971914390016,184.98455352096633,230.57803013404953,210.9570842463382
194.85843371717348,149.3317787827504,166.46048619546454,106.89431808315173,164.81293149107807,262.4925405095203,156.5919955840522,56.425742578227606,218.78796412153685,178.15344014693372,184.02962119215383,137.57420668183997,181.29741693039296,50.187181858979386,74.92553174874304,146.98578269788234,193.47498338678832,59.31305626255515,116.4312954200723,252.6803954888398,98.93185021236175,207.92265160995353,219.19640160264916,124.37890153272484,141.72744668712636,166.51806861441935,230.89589865122437,95.1495757546695,85.08583353184983,18.027818696333597,94.7743461982499,216.93219618550611,177.61328608982873,191.63823861985472,242.97419660585243,120.43995624874356,75.10378199811618,136.8357868825863,131.8750354567155,184.57451189812465,37.56741907015685,254.84184372597826,187.02957139099905,116.16510941618101,101.3809942560855,103.04183885928207,119.5570501286577,173.36796929028992,241.02739681916813,200.87202191745934
245.30306912634913,143.91800491508542,166.00890092001026,108.60164884609551,146.80335474322084,226.40670013180775,159.791913275201,55.186480613578794,186.49969663274308,174.45230757925518,165.4957393438083,133.53942232108025,195.7773843586007,56.86612999779898,74.8414070698275,146.63383842283088,155.86812752104527,57.72359869932416,114.50112037458233,233.96983248592565,98.07066210422063,191.7622235241628,223.59979129368688,119.23568281285223,148.3333471388014,181.8536025470742,225.43580827061436,102.2937518003319,86.50448461444905,18.68048840126195,105.34338601991047,220.39049053051505,200.8385772655395,187.15980628240033,234.67730364994526,131.9079184402624,72.03449204487573,142.8531781460986,129.571719716602,170.82247772710463,40.995770734813625,230.62646701779346,183.43073577556325,112.85319077740122,101.11097018563915,101.63112308478088,129.4159652107422,172.76095503909357,239.74673848956843,204.99019199291408
215.96655616613452,157.75486050829196,162.02974081765032,122.6494171362195,168.89548102183758,236.98781511802787,169.04067377955613,53.132002481463694,204.77746010225573,169.00284878891165,168.40689848596273,138.04745399716592,187.92475141111905,49.820739072070566,80.96482870114095,141.08655906841466,182.76997475304506,63.304663681785094,109.57319772555331,240.8105315151163,93.40696140065123,188.98497976254743,222.67178981838296,128.0710538293189,157.04694765167156,190.7357838703358,231.46924343623428,94.33392501479919,79.91421564053849,17.925846208657035,106.7038476123886,236.16229622714607,180.03066759971497,179.10700306792555,241.65545582006845,131.37252282538495,73.24801839139597,145.12456513079033,126.74840774488796,172.48462544306952,42.402613375215786,253.46175444068908,184.463956262593,111.716570364182,99.86384026730167,105.028634590221,119.91780599242821,195.4197828148761,234.8991380546949,197.71535593264957
230.96880286060926,141.96574460046958,182.38466071450986,119.32542437749898,159.79405741599825,250.61692636918985,145.76158195635807,50.85321686074191,190.146132931362,168.01388659985994,184.8831960355869,148.20879984105525,186.4698834678634,55.75126869710236,69.32079601370833,149.21146165149588,166.86947096618945,58.00802514476545,114.74748470168835,240.07386180592832,89.41479123592526,198.30556606965538,214.31854915628062,124.65682160408164,163.160354385292,169.88737537729952,209.7761546904785,93.97246029793185,91.8515462664942,20.58277312150336,95.61571184317673,223.31315849363313,187.0880071634026,183.5173484494704,276.1793381470394,120.16675449029299,77.24779362836604,145.4415154104732,137.02801086835987,173.45702528957298,41.900523090965564,248.46684092983512,191.08717298204078,110.41940833552407,103.47234752102156,105.03073882763712,123.79183202115959,180.14363014118248,241.63124001173574,200.143123833821
204.1353604075256,153.75690908495554,164.37906459845928,113.3730822092056,155.93946506788546,262.50277198576896,141.7028675862588,62.93920008493177,212.78706865095515,168.68978311807152,169.07692736993587,134.46914744157826,185.3828803080169,56.15516835941547,77.98980070633431,154.00379263171473,171.86927562278737,59.38609340927061,114.59402966975988,260.1451299103608,101.68999749742747,164.90905819941565,233.6666777517055,124.37970215906645,146.9502236996776,174.45712800046235,251.83170933002376,99.95082329594904,83.63664664774251,19.046621015884146,96.85662568863745,203.31555192619984,185.5842198349368,192.62134067577182,253.78552372099864,132.91145921314327,79.08997751164866,145.7945305696657,125.69042858823758,176.37754603341847,42.94482964565708,263.1189982283102,200.08035252444105,116.38000296058817,102.08422615722195,112.87049355949554,121.3186188262494,172.625392605518,226.54801328685093,193.32201764227642
215.65416031287347,143.31583544024073,165.31301695977822,115.35037473335508,146.1407529876459,247.6965535599879,157.68137263215846,51.64675279348924,208.60686063410344,174.823691067915,156.44750301384306,127.60261226610135,173.800844306008,51.87633889165084,79.06510102818848,151.8368954694978,171.2929658844011,54.13227710338115,119.4516899376737,231.03939628328357,99.01266196498807,193.69455085887944,242.0473908084361,115.37194012865837,126.47614903076135,179.52193958112926,260.4942967233932,101.41786839352152,87.84805156065877,18.20971581638165,105.86564243565748,207.48578128315035,196.10741483637742,189.21428022735722,255.14799736443751,148.712054676294,77.78527681163806,138.50981783220882,129.6213271816004,157.9971386309818,39.851503264221286,248.2478658712657,183.65682965711326,113.18948535621325,96.26500067433841,113.15800407762595,121.48085938113161,180.32352569903912,224.68861582476785,202.22116003693316
232.45341558057558,138.2301786647952,166.42685786658294,115.374805650776,150.19844794675845,235.23307809081908,153.96188172936073,56.20474673105142,204.51006952469172,168.43989419549357,176.91040200217935,131.65547761915903,184.17574372844402,54.09257094272247,76.86617725565941,148.9127051301216,153.6473782807136,59.436575577978935,124.24787057787672,257.45937290145315,103.59830651471731,203.20597653438705,227.1324861205038,124.3957451446064,142.61472424127814,175.09020644187487,245.51154332686295,101.2402289105694,86.32794437166984,18.24749177773813,101.68105820570598,224.48310782674335,178.15463599851586,164.4814133459226,235.40476123622892,121.87467882459477,74.36046089322491,141.03391245642433,126.87896837307792,185.61118729332998,41.939706291121624,257.2158321038568,194.4905813817883,106.11292703515743,105.65524608742794,106.58527409903232,125.62111990762644,170.99336540729234,211.33029982938268,209.0339959666321
227.29651644297437,137.98903011280146,164.6757833071764,123.92097313174884,151.37805109828153,266.04710642496394,150.7292313783926,55.545435971676895,198.5534282306992,171.92508870125013,164.99130950024852,131.488242454852,180.98481758392361,51.715035973686774,78.71541856566748,149.43141383107258,171.6008409438675,56.93477285595958,101.80145908567567,243.47147120279993,111.37266052240247,198.66973157219638,225.91020289521154,121.5660394724559,147.25306652485224,182.81247580165018,224.41898367140755,100.78787489055493,90.09770839147295,19.34523978512924,103.93216461840203,218.04925033828098,198.04370077459515,190.03292172492968,237.72896630256486,125.88248671898504,76.66338274779172,153.52146568559985,121.99019757907789,160.3973950380406,41.60140023550328,254.025895648782,190.17419408696855,113.7090726494088,99.192826292258,115.26418410356352,112.13473756681478,173.08672463799647,227.2265441888485,184.83119986683218
221.10599643256535,156.85946483868437,172.174082008161,118.49933574665896,150.8434756285856,237.63162176301003,154.7415452532707,52.952537891770184,215.20075514084246,171.53443482758345,160.3767291951975,134.20685730111035,185.17073208977476,57.562159296819836,82.0907111185906,145.72823542284368,166.67706667439106,56.190339803453796,114.37015097652639,251.60718486765288,103.7120008244587,190.3027147965249,222.54030489942167,124.11270833354996,141.0722552762487,197.469054380812,219.68009115105508,96.21054853864395,96.1881313599179,18.66923700375567,100.71680668413308,213.97685441451702,189.77232638038063,197.60084199911546,216.64068847392122,139.86820696180146,71.0322154757289,140.19814940212623,127.03133985918237,177.76427620584764,38.09143929827558,259.3038295941139,208.61466895676017,104.92930441168069,101.26198984378122,103.50650551692841,124.09417106879718,180.58020127560326,221.19306211481077,205.61305532074564
244.1181511489011,142.98383446820037,178.29681157928314,109.8052851076581,153.15173061805152,250.92649588313748,169.81708643515626,54.7656089555482,198.70796732755167,166.81143618803176,159.26637520919525,136.63086157806393,188.76141088887897,53.157192840500905,74.09112297936547,155.3673180114444,169.8244228566193,59.639440867158584,128.52548471179807,242.79072963139396,96.96344981644457,184.9409344725404,234.70049350363345,122.06344892176564,142.3887084233866,190.02775699047444,255.5800220685953,92.50667430809246,79.18593280084711,19.627129777634902,98.25667081810988,226.61927422278276,173.52808589446985,192.9124558978935,227.75595133199658,134.36595987610107,76.328395440548,135.4621709696571,127.17247448476313,178.6353614033912,41.479134049357164,260.8935519317855,208.11595683275903,103.87969510510037,108.75378104060466,107.54951774885922,116.14125418019087,168.79786556541515,226.2530878196147,210.1212870884809
221.64067126132545,155.684965625723,159.95666915295732,117.06951016565502,150.90209966918266,249.5654814339282,164.82107040786883,52.68041033374726,177.19989661228814,168.485027271501,173.28461749834008,135.2698699489546,192.1269396957986,51.537271236744196,78.47723948942007,162.7350748919104,158.80415353196264,60.80100611311929,112.83562664720596,244.80819557867582,100.44747291020185,186.429315718725,218.61565828396533,123.38503257852834,139.30517860739278,168.4794346613282,246.2935389764786,90.0047343761752,89.87692994848919,19.099586042156506,93.27240517720219,210.5792129220977,203.2730452325137,175.65965529464583,236.4207484621536,132.57280417372306,79.32084021445347,140.30413327993176,125.96707179545515,185.33207412352525,45.00802320561729,266.0900354487753,189.3390431422484,107.88137525802964,96.22638462110416,109.82182503341454,124.04771279629848,193.50387696453208,235.9530287448176,186.13056705801273
235.10502037065305,137.32820756286273,168.7238207914296,118.61492479317594,177.51131026629335,286.2986981852263,162.52831734475956,53.309893056689624,207.30982843634246,174.3879213697166,166.84498063493066,145.0121670703026,182.70461557216396,55.74262405757739,78.421180261477,156.58163855207724,181.0092452042029,58.01845131786221,112.53069536546737,232.65192459686708,100.90971141131013,198.61343868884336,231.3633110899302,133.9312773769367,147.04660127687777,183.9275687626143,225.42113514608872,93.49864925882869,90.00835976912093,19.472285583927246,100.1947997615678,217.05703666516726,177.49651380579706,181.22786509434096,252.99062214611823,133.32492129074728,78.20743008553085,142.43390615189114,129.83302548122586,167.0034817836431,42.72726346616328,258.7702171192964,193.22867311042504,109.41454024654834,90.06743457418632,113.02298560310008,118.60569315045072,172.79031898567143,236.4612142271068,196.7633591232966
235.19894908223085,148.87798312499345,177.97448751010626,109.40696180431746,170.68984735190446,248.29120321228692,154.78734965667377,54.187550098009126,184.6897491943515,170.26092616578717,161.03631966337989,123.89365388150107,167.37707963119612,57.48317877623595,73.50362060810104,165.5353191851053,168.98517856216301,54.94077833530847,109.43326351289582,261.4758018833285,97.94990751485051,185.86102675043148,227.94434955715226,126.30395309830287,155.53943391299583,191.2401390386272,233.823597917466,89.21057537554034,85.15323570161752,18.907357316424367,96.8948809947294,207.65594044272058,194.81181661372526,184.04384276480403,242.37184901367323,124.72410632896558,75.4003061341175,135.66352429508646,135.69449086699962,181.77927655748633,37.62190238471148,241.87384415676453,174.94067512368107,108.73832801240518,99.88843471317477,99.50932057231716,116.00732904240782,171.57487324308556,230.78201715310232,201.3550228426195
215.152709115479,145.63708549298002,167.35674657978416,115.55996286431197,174.67438030359162,262.0571971984456,147.75227183356955,56.07939063082883,210.19989843806826,157.5095852499844,176.62650910930722,143.1586817826501,170.7567361286626,51.934473667528,79.81256179196109,155.41095968147735,178.4261691013457,60.864690162081125,117.9989723896037,230.03409935249041,104.02351656635584,202.53102625444726,223.5490984461597,122.90704572338153,136.24762168152648,182.5123217353053,244.9755183347751,95.02998031084861,91.95904661519823,18.353737558831988,104.5896849365447,207.00788957684892,191.26636697174402,182.8907371557913,244.7160746022347,127.17353472026734,75.77419058506993,148.07097947548252,126.9835862161449,159.2860851512499,45.0320734560223,271.50064960871094,176.7365569733284,116.27184288122095,97.81491497577518,108.40865571884063,123.2799231479686,178.30529625359299,219.62509225584543,193.84819705421899
213.07097642385637,138.47442580747392,171.41762504230795,113.02220573147093,166.22687223654,263.98757694958823,153.164641666367,54.4483192280447,206.94921046045064,170.8010780542401,170.18673345774926,137.57802391886634,185.02290641262624,51.10972652830559,79.22212674411293,160.27045587009377,167.07399167335274,59.95058486014089,119.73818522976276,243.24896627698277,104.15706616735136,214.99337549270444,217.41355110795027,114.95605917020495,149.3392080734426,184.41397130651296,235.3354844744774,102.51047700629142,81.30401289808765,19.320815308774176,98.6444128780682,237.39110633318506,211.5519136938146,177.55382338896837,235.41629298077615,135.23422968035916,74.81174103421485,141.75763879736945,129.95204120761133,156.81190979656108,41.23155646693686,244.79116012826051,183.94140187038676,120.73850997045048,94.1981426306734,111.42969280289032,119.79694860933515,177.90142596630122,237.609565294072,204.09896131241564
229.51435544095253,151.51520770547904,169.1686804145679,113.60874375902101,152.1692557302002,235.16072364255933,182.72290326339206,57.25504350668774,188.65792022701217,156.14367574316162,173.67605411157749,136.24031136989765,185.6403834618965,53.68373952691202,75.37872863846714,155.84971409669515,174.32053047268226,53.55229894663038,114.39428693163481,235.56357644382862,99.58501286492654,221.77792456258993,230.32116172533836,121.2586305433749,154.02569329405222,182.224481824369,243.12121176562326,98.26270000618014,96.34667095718389,17.636889013088737,104.1150189990073,207.9756627554983,196.88509566689507,176.2092654780834,236.9774342739829,127.64773754193783,80.08769380015043,148.75670417180768,121.9498846464735,173.08406887654888,39.82189120711807,237.92763732045864,186.49837527622597,110.6112047674175,113.24590821094169,109.33117362860247,113.39366053154885,175.38418638011456,240.37000282630845,222.74431733147597
206.05348335159852,131.40452581872705,188.86075623440377,119.44464217331351,153.8281877463485,251.7083790884992,138.2037032471547,53.80952687940291,205.17847419130362,174.70747197718669,161.16097421288129,133.13204297016554,172.44803710598225,55.071213081117804,72.53219400554784,150.21883839986037,165.14276028620728,61.81713290679227,120.79122904864623,242.94136888182126,98.90531801560752,177.67997173863301,222.76485975347586,122.86570879111987,167.68194617063202,168.2593599214988,256.15027148184726,100.19766786281154,88.16036491983672,20.378249298786734,103.58783599232231,222.11562578537144,190.98380289903395,196.1314439433046,255.6109916588662,125.55514330459663,71.4050797033984,140.6451932938303,124.69791337115124,172.0619333205478,43.89356344999366,247.6525474186695,188.12981142289064,112.65687210401151,104.65271089119013,95.62067937857222,117.84984880401898,182.32335805369527,242.52727970236398,195.7830764630601
203.08148314801997,148.8981239295252,166.61631028703826,110.37558696272812,155.71597624382966,242.81831028573632,152.9756656934233,48.182864658967674,211.1022170978682,177.79713896599938,175.15557911504365,125.23259877952884,178.80442513827788,54.35474300012992,78.15840136359276,158.52546136804125,167.31736421227328,60.08279473529669,118.39247208310647,264.368054619127,102.25568946561546,198.7139643460155,227.07762931385903,132.17478144497073,150.13238818856792,170.38329129240498,255.3726642667749,98.71107397868994,85.02739200049538,18.220775401171473,103.19737465734723,222.93926121671782,193.3900760860741,187.3862615664199,263.44144731939537,136.67503118316353,77.00444522740456,148.92680152671556,123.25678380213434,176.07799859032028,45.16674570755441,250.63295377869002,180.7096651574185,108.72710160868408,94.98739104392946,102.87302692295702,119.24986005649657,168.1639283520434,228.5811218906021,209.91785229781775
213.16086589784587,155.74825659000655,176.44361254969343,123.3346433957337,155.4554545266904,255.7667761606531,149.29428112071736,56.249330047434995,203.58449235080107,171.49635977531312,159.8632516565459,126.76102105562889,186.08965973206324,51.854438982745506,77.63032595754402,143.18554478654133,181.09283386231957,56.26077507979554,118.95629023680084,253.61889048580431,95.33647900446535,196.66758537408597,229.09178248771542,119.90024417529456,139.85436326479825,161.25285560812267,242.26639116433472,88.15193292788314,87.3473653762691,18.418667459900124,105.19037196520193,214.57039114859154,188.36324751133705,191.36836015604737,246.06264665296482,131.60917208854895,78.08474805140463,131.57944124110566,134.79235477822598,177.9769696402343,39.21509023588775,250.3069098723625,188.1628884324373,111.57764241426348,101.99449152140502,114.92754817468247,128.23117601291096,168.95064974617605,235.61844763324953,214.44409648230774
227.41472993510757,152.44834068289697,190.19983213685322,123.29227881293868,162.66882442233134,258.21541049553,158.81825305349906,53.864784083767766,198.32724833924198,180.38079561926196,162.7437812033669,143.11885919041214,185.18593870545152,50.69831292957329,77.26030456537642,138.03356360905408,179.08785298829417,62.544938826963744,112.33925124873001,247.33125393714087,108.84871482501339,186.25677939753345,214.4668600062841,132.64619046232272,162.2533029427044,177.9121222024982,250.4172583746774,101.93911982825487,83.76384352238095,18.215480422599384,108.13261189010538,236.9835755618552,196.95764360405374,176.5520802391996,267.2504727464879,126.151096922819,75.00647789888271,144.53277276806168,140.27489998033144,180.13913364558599,42.12490186958066,259.31829738860677,188.94370496129568,115.50946885537513,88.38902451989502,105.4148166761505,122.95426511732221,170.31793809267418,232.857438816976,198.617100852162
243.52234726815996,156.16728212533266,168.03486150065342,116.26015833559869,160.0607729295311,239.59662099627548,159.21688724049548,51.7988346682046,190.74899105698623,172.09300213619383,174.963080331989,127.33753209352747,188.8843569427403,52.68227476621326,76.81931428073841,159.73487285441664,173.2820225231886,61.213073810563536,112.76653704210348,243.4052703191473,97.70552787450198,184.0274026439468,224.13799220766907,113.99690243346204,143.51960780382936,175.36353719982844,235.0378160776137,94.18181371475342,86.66390309458815,19.11568443907713,106.22298214843681,210.8721154949621,180.3112659552163,175.12577010173817,236.15139821205005,127.28553239691955,73.39322049602288,133.1642805444374,126.8607472070886,174.1822298523584,42.50608564973973,246.41587946088237,184.67979522056865,107.24442947852889,100.14847654729992,102.54606816768184,125.01112731106325,164.9965053563008,224.33237436602133,203.70192694798533
225.11843791449087,165.162270959063,175.02901260434464,111.40470701956687,159.8886666915748,224.24235761195155,157.03773185334074,51.605535963851,211.29571840937146,162.2961034398359,168.5546799322244,128.41653880636198,197.02088844225403,53.50610742841077,83.13166588331183,159.68542459244375,177.80801837425685,60.950399034312575,118.01727177504893,223.22216551439197,97.34943610696018,199.27215228203522,225.57568798793972,114.81736080681101,146.70285265215244,193.69993311543823,253.38244662497385,95.03086888158833,91.16746849204378,18.32400128170151,93.37475846773496,207.9955788538338,207.0559598046383,181.98185214362786,239.04792725605114,127.61743576615314,83.89266635772043,154.11319071050158,145.01469168419706,171.2421193444591,41.874498275111115,234.87646630513598,202.9825675501967,105.959458581829,101.39913768148566,101.27792277644849,117.95497924359104,173.0108824858274,221.56510782525257,195.3213753725673
217.0269390402791,150.49704709545273,162.75054106698877,118.43915645880519,170.74119146876458,238.86055243538223,152.11246516840282,53.18388965458727,214.1068967800254,168.44425448354121,165.09776080801072,135.8091938855333,170.92973758266265,56.25674352315009,77.41868812146896,150.9740204434648,166.44614331008697,57.24210330240717,118.85235240109597,261.38650853699295,95.62035556647925,195.45553799760788,203.72056105238,119.62613106286246,146.8595086518121,169.96980072083224,227.177145446536,92.19565439356319,88.21132012611736,18.488901739009275,90.91300628886209,195.91974591069666,185.76852261974358,188.76275311194937,210.91559317844656,126.34830346989787,74.2931666683795,152.2929974503749,127.31253348354285,175.94653446071214,41.55253960734075,227.77618546078824,195.91555817154614,113.54683075343688,102.88781715021958,130.19657974343653,109.4579781256714,196.6553002263638,225.14347685274046,203.56164059085472
222.55167378201926,141.3253884390729,167.16311944749683,119.08621737568714,148.91747111687283,254.4409271374517,154.42466526692323,50.84482201783826,197.35191480583887,177.63962873292795,165.06374763219094,134.96017876909036,174.1329998937713,56.47251365107967,78.49800587534608,168.16214070092923,172.0564956803718,61.87130399498125,116.28504911569941,262.2621960154492,95.23137813023031,198.27676484067152,223.9372194307907,122.77983381461429,147.7640843352011,180.13687329502116,236.68826935015218,96.35484066683057,94.0692833169006,19.605489063136442,106.19450502675583,212.92993055757188,183.16412596826845,193.5182165879093,252.8093387567251,139.4439110541154,74.00497639703609,140.45848413249155,119.57237534354078,169.25512007298948,43.36810702008936,247.53873112037084,194.66835550688637,111.26562682309894,101.94451148558014,101.02307997757124,121.99826625998277,155.34692165064897,226.2782511936779,184.94874890977937
236.92287220874348,150.0767958501447,176.05479720988592,126.39635207347413,153.20932539295094,267.4433844872126,165.19484771382196,53.16785536892222,213.63525712450613,157.84046440488962,162.69426990816265,128.58981322187245,175.90046632547336,51.57463908650129,80.63654736716605,151.34401271849265,176.6598852620174,58.1546695258884,105.64780363636683,249.14972732941092,89.71503419430134,190.37234956831043,211.1745103753503,136.04231693802558,153.9453222554547,178.8223113629989,253.59556701479514,91.37630282865963,89.32662836367057,18.850277187167606,103.02952938164586,232.1439836578729,198.6350577920085,187.17477496421702,222.7586484558119,123.4735052372691,75.80740083064106,142.74474139431592,122.65626642673277,194.73011065386913,44.51007138880632,261.1246146437861,189.21335162600195,111.14493649949164,95.64370547278614,107.40509288989593,123.05531726988909,169.54690086939536,232.2510899554203,199.10642156672318
202.76436691476326,138.27680607127834,168.47400562326362,128.73508557338394,165.18707316737246,229.23912181181393,161.55051961265983,49.795098538100085,213.0706285632114,162.9336800234755,168.7497238803606,141.6482560208794,169.35701640611882,50.70385960226618,73.67163605591423,161.4857878848226,160.87598354835677,51.936196017984244,113.13515623896767,252.68362253967646,104.82205482673693,186.6537923550193,221.52363246180394,130.4900825441978,133.96013664725183,174.45710774516994,240.3452912190711,97.49127735232071,84.74403241527563,18.695056816915415,89.78323528738002,210.78269109792248,195.88349929416356,175.6497439508641,242.68940919027332,132.4721640037257,74.97868782395336,143.2960227624432,123.6876479239574,170.8353375357359,42.53837427365695,255.37689565894013,183.08432085760103,113.59691537416865,103.95481133659845,96.5669462101797,128.72779574200985,177.3996118145747,233.31389750743935,213.0367662136564
208.27331754090713,139.32435690545984,169.5307473171782,112.63861918783768,175.21219478167106,234.79226220378163,153.35243286796145,54.353075955551745,190.06795597607103,163.54945865192596,172.2541781626008,130.37488897194802,179.77352158906214,52.95229096111687,70.32127040052859,155.80073579163513,189.49217617534183,59.89205310722434,117.02695883875963,254.4711067712962,92.64588935156466,208.0002588489493,228.42708276945433,133.64606990602485,141.79434074676558,194.8067507589917,247.47589492018187,97.9986770585584,87.95513783690954,18.43241254175716,107.96868366636308,219.36963034569078,173.55441309223457,174.46903911310392,239.7366371569994,131.56866261161483,76.05843651948632,151.00877244130947,117.72377075067797,173.85300007681224,37.675002952374996,263.1903258473217,187.6447306008503,114.7121596213906,96.06563548094157,114.05796926081356,127.97470079814403,185.74872764786613,226.92836330108864,206.56089918442507
215.31246533835474,150.66435539235698,186.78080993573042,123.58174473035687,154.89861849847122,249.5378490103914,147.79985345821626,55.362433676507784,206.44196220349667,151.92829446607286,159.97368144390538,130.699414003544,177.91825457898557,51.18180493189681,77.34274445494418,155.25545793448325,171.895653464853,57.617951114639084,121.94577468588876,267.0194542374136,96.35825176988727,185.2683371796622,231.75041386048468,120.9891318746373,146.0661341734158,184.5808551701964,216.39114010628592,101.82107345856816,87.2484408211656,18.282831311125015,101.22572542860115,217.42665844740367,175.6133301531391,198.81078317465156,242.4752261280079,132.4465306672451,79.99057853121593,135.00762635988585,132.89636879738964,170.31482968220504,43.044493914177124,227.8142165466937,187.6012434783281,108.9952713870833,102.49755619939724,109.53408553300655,117.25664346760311,174.09635762780513,227.1423654382579,191.86083751057726
232.64975225261568,141.71477456242278,148.7269886486704,114.96539924137998,152.5242746120796,225.87368938167177,148.21216022607732,54.09556362718363,215.70703960675183,169.45013644488048,164.4774261131046,135.6193808197803,176.51620279798595,52.516527247676166,71.59889932214587,140.45775328411452,170.2222435207435,60.31171840628206,115.15855712033384,240.7484990074706,94.15701923275432,196.92558196445592,211.71563098955352,128.04779427821168,139.89868779348117,171.31144015617673,221.23293451358217,92.96581710161495,91.27631070417844,19.15030230016952,106.7762732966822,223.59743071374643,181.21083073655723,181.46579188591812,232.7170427539635,138.45670265270834,71.84362905584508,148.57268142978432,135.71318718509033,189.14458607177937,40.423506285506896,262.56743284783226,211.31628068288725,108.91453024630968,92.89536910700251,97.39092883111734,125.88665802134746,164.19588046956036,224.19008756640116,205.0939312293703
225.13353284264252,147.45882894028242,173.91666332146133,124.87529513704986,153.18328309432547,236.91228812636118,151.69669837591493,56.080678772355434,211.13739379012785,170.62373390035725,179.87698242421652,124.9801642318966,196.31654731930757,58.675359830310775,78.69494597771771,167.6013329141648,159.7755348467345,58.288297174726644,111.53918306430606,254.8372557303527,93.66682509773284,198.4006257300383,242.16696207074023,127.53136525391335,149.18943945822033,169.30660166328798,228.1978144404246,101.4720022114065,90.3863368248537,18.626515331202185,99.57579956497347,196.85151817725972,181.50841832617468,202.99423447895964,226.96832826790734,130.77821934470302,80.21444168202892,133.43884164775127,130.99138678601653,180.89676239857877,41.28588814783867,292.45534281683297,173.44202903722805,118.43709299317922,99.44311000809671,111.19991112691851,124.18988422912476,173.91380601659918,231.03288725792976,182.85753335538809
229.88916550139197,146.52333383212044,177.57530166695855,123.50457822324204,163.63395380281005,246.89032464817154,150.87665932690487,51.91826824380605,214.18194810151323,179.23830797323043,167.53511667932685,132.86814151961772,172.62756483761325,57.656084631805484,78.41919063016199,168.94260930691763,166.11576578683088,58.71665107048605,117.0631363231167,253.8835352660234,97.657623821287,182.86817475638028,236.31625781797788,127.69683262224498,140.5011463678333,190.35239966756552,252.41267410331704,95.96819166557721,87.27862238822767,19.187134677274592,97.39057914247182,218.1628271084571,171.9537384773234,192.75682203120834,223.8012994421858,139.65846505124372,75.02529821186737,140.58412192665287,125.77685593623784,170.14121598354265,44.292809557429294,223.74374361692944,200.96316834749305,114.24516465252901,94.43150212295006,101.3893397747038,132.10089841501863,172.07703846976432,215.60385610141606,212.39933172984436
226.86668913553444,137.7417408842493,173.8674094423925,111.28390910837201,169.74410225561047,258.42571559332515,161.9222698196182,54.7821717923906,220.42302782674764,166.8147300955597,159.8130663127837,135.5757842831453,200.47098853735193,51.68253802056244,74.49445524168716,156.54139776045727,173.10629728165412,56.9690744125811,122.39261247130773,276.0420470518766,99.68923348611474,182.58396999630048,209.2757124111362,124.77361189053983,155.4343133420364,182.15597701707955,238.039164357141,92.55827001510919,82.31204755597429,19.458318466876364,106.43167363729472,201.633891372943,207.33515795013898,189.86440960496319,259.51460841865895,121.13704741175691,71.23898160710853,141.02552830336745,133.0912880275253,188.83030589159225,42.74275596174188,250.3244219170688,179.10190034374656,119.4556963684668,95.58257537737805,116.0657687701201,119.7644777394662,195.340994717915,236.289279349383,199.28832420650812
217.340469976166,141.91543810468266,175.71749790133947,117.59307345891304,155.95388924641955,243.04780849020761,158.292556721174,48.368319856035114,206.52006056779285,158.84254337957364,160.04129613310488,121.83770406768214,165.12001338123568,50.809612954851765,73.21108081630703,169.04435775435584,169.06903110834102,60.37114450274113,118.05672025982551,247.42423692564043,98.33489373554589,179.9445779281896,243.1423281412832,134.82289435880426,135.21909897828309,169.00081201872314,234.76027595889903,90.83776244773051,89.1592362245631,17.99553167621464,113.3032032012915,231.1963970744227,193.53789963881582,194.21308563854979,255.73155588164084,125.94326665662479,73.22380028478263,142.6360875624351,135.50084192923242,173.81364822923047,38.13170010845538,243.41081337068303,187.83703216873954,111.90633783440526,110.70321897368788,99.82654977386571,124.58968565333024,194.35245207740928,255.87338623650436,196.64155326280834
228.60746388891022,148.52670676959568,173.68370051278728,116.56278439652979,164.194175052991,215.92420277092435,163.14176858507315,54.14094024135102,199.60998800111662,184.7941659856497,163.91562307537566,129.91797405211128,199.52605979465963,52.156816270164974,73.79508057560864,152.1926152718718,181.0254822957269,60.46192758432799,108.47392835653841,239.35378616614886,95.76367018426116,190.29063075247268,230.99424341064068,125.77724922289751,134.58941386482985,187.59811690059,241.0932650655511,102.15881143045837,88.88430505105639,19.719406352175127,104.0781335988358,233.00301914406901,196.55792809434362,183.59107398733428,271.0911196593484,135.43350358848406,78.49371766969173,133.2962600895545,121.69046721182907,175.15415857285763,41.5613996730864,245.71828575417544,189.86675086542513,121.61701414618123,103.85502461414413,101.05684187427869,120.8041838969769,173.29048571858849,224.01774198907364,196.55093967122033
217.79465067886983,135.57432300161184,170.90007196039497,113.90239847047212,138.76453691627532,271.5614200058355,166.4932181776774,52.797651969972115,202.0328079964309,157.32547713640608,184.54339642792428,145.7541818377165,182.0355276033679,57.22749561397086,76.52076742591294,143.40344098407667,170.035955047384,60.23298608079086,113.11598790081355,243.13540212128862,98.26629910645481,190.25583498565274,226.7194911415954,116.81271643000547,141.90794113747282,166.81338558499533,249.99631700814123,85.80005330742257,92.09357517765659,20.002446015535558,100.15366001248134,191.25034353760955,188.06339763146642,183.900971550914,230.0515357385214,126.25049584519611,82.3386919943298,146.88291156037045,123.92392160313126,159.3576041775995,40.590941188083356,250.69046956254417,193.2690654031011,109.36377345134198,102.90443968885309,117.85926896963151,126.53531159894375,179.97414348163085,226.32063353875282,197.11134246469007
236.62272006225874,139.897651631758,172.38371284581697,117.44054492145061,156.67314285685015,228.81560477524727,160.23873860174638,53.6365938982921,206.95495709694782,162.42550473533603,180.2130149987475,126.8770354818071,196.75694837440622,49.82296975445227,77.52002870641287,157.00375616070767,166.80462711159902,61.12026266298135,123.36125130747567,220.01818905031845,101.22931101507798,168.63726550613185,215.4690687594673,133.62809214928646,142.8707322711594,167.7392937361841,235.72326754571682,105.70976701668287,79.32406513121717,17.70720469026862,109.5834347456504,239.03864670371036,190.50398144295986,173.40917713043882,268.70804035446656,140.2955171785077,78.90769252426401,136.42421702593862,129.4694026867382,171.23086165272946,41.948318529355326,272.44640068128507,197.00797929798117,106.43949785438237,107.45268716661256,108.6780869552363,125.72533554812077,194.13322721304976,216.05461811673152,200.29897734215086
217.20947294943701,133.47094270525912,175.00197229985199,132.81406430413563,146.5324733492651,244.67375397097695,162.80338422386282,54.13254985250736,200.70431291312337,156.32523260488048,171.52651139812997,127.64064862645053,161.88255496725807,57.71906611831771,79.57636492096286,153.71208034550682,175.57298366953637,63.13906319613902,117.02154962391026,257.17377922529056,97.25894901993955,203.9781291787761,229.78403585711277,124.37544688437751,138.0376257745142,180.44982152180276,228.36784003737247,92.33172868985186,83.45911598656878,17.693995600092684,113.07521381224839,232.8296514390226,210.79013773472536,173.54932826117187,242.838339097062,121.43189055825803,73.66638777555539,135.70494978358494,138.08580232116165,169.2233151835031,43.52409752617055,261.15076195829,211.54871808507036,104.32106646590263,106.82451814178646,113.30186383908415,115.70888437320855,189.72474010498698,232.27395092564038,198.38877248767608
214.0561051536977,139.2570206605869,190.55718820255262,117.14429326510336,167.0607389005244,235.56685727576928,151.64214666974675,56.79117796613388,188.6720526934045,163.38980558947281,169.83032892038193,133.30313056615284,179.0047826099641,55.459273040626705,78.52685140814853,159.05182186521586,165.22544802872184,58.99283468749882,122.83957833275488,257.05331680980464,92.1675518590175,194.41354903461885,204.83183891018206,123.463916147813,161.72828982361702,169.64538935001653,228.34080142439464,99.03798505434428,80.47813951303016,18.081681346977813,104.75629924442708,211.0353871418938,189.2456972321116,191.48623156743403,247.12902469432643,131.28490843537128,74.99153622888001,144.73325782060815,128.98671487206533,176.60595337524032,40.24755203023083,251.07793259919453,179.42826502065077,112.13406359019079,96.31997920099641,101.19316877461577,123.0609078473967,182.3366324392839,237.5205002507054,196.37893557288632
227.65642191163695,148.3859495090774,175.86214756361582,112.40288738631644,161.85795446709218,249.57182563668215,157.7284711400656,48.47062153131067,203.46899381911078,186.33125518126153,166.5168556590214,127.8238605826773,184.01819088203243,55.228374596346995,80.51428265200303,143.9699774244367,180.03838822038836,61.62975862909369,114.89673781894402,250.00615268514832,103.9306638611033,199.54292184096028,213.56679510548008,128.33064542627474,146.61277429334734,178.5285717436236,238.94066508157283,94.61252108053517,92.26925978781753,18.584933005801496,96.14306376287378,213.59114080053897,193.21033060058912,196.18681870333728,249.38253369556998,124.15144504405922,86.36572249278373,143.97334191163102,138.33324381963118,171.30489773709493,42.3752195319206,264.24197447355186,200.37349810874488,118.4290382152766,104.77714424210049,105.31746220490605,118.0559965655014,183.43272777188943,239.31164427430548,198.43595057378735
235.26052730712942,155.2299560722701,164.29206027403674,112.33958293470609,159.53003301444687,248.86743637767879,153.590158059338,57.56368439698947,206.16823095425897,167.14669365986126,157.7959948214932,124.12216610314704,183.17054353360555,48.87314980442397,79.79251516616762,152.10795565290658,204.12973179548132,67.15608641700464,114.67117288585513,244.5046463662607,103.75477527299618,208.00710166861998,208.3457905889743,112.64974667141493,142.58347428963933,183.1383409018675,244.0563369611323,100.56361855093749,81.87066844305433,16.622046287517698,106.1353690499467,208.99917607313117,173.10879372487844,185.83511647437993,251.76397655623322,128.75689077816898,74.54768230114993,140.95226397232577,127.40448026760372,161.35846207451542,39.811736282716815,260.071299782196,191.58993004522384,113.2784019318401,95.43719476596819,106.02325074914931,108.95044097101281,182.0245288339404,245.31746205019942,186.40016908531845
216.6186739757514,146.75024184515436,183.1130784405041,114.54423484880486,155.1881785548971,222.09241524615746,158.48944541840115,59.583909197422045,204.66143364621186,166.63162382923335,172.2940514328159,132.4893787368811,173.42001242797622,56.6573622332469,76.71412962898104,153.4506256257058,165.31169988904156,63.86676662960554,119.62672348713656,239.105558200244,103.78716914415376,186.33293548487103,217.4568483281691,118.58346225202884,134.62268310206684,182.1229609045657,217.23900748015745,89.64700424020475,78.3625601360216,18.582747794321424,100.91702182547245,214.3060883993387,181.7652048193046,173.98949694857853,247.65874155327992,126.02764891842232,77.49003031030384,135.92822063659173,130.96749789085928,184.23177654459536,42.48725183733923,248.20900099246805,190.97324284746978,110.98691079362028,100.34555888803756,105.2620570450094,120.48552254675917,182.33073920684882,217.33551572078085,190.72039874573508
208.09772496609796,133.25481700901582,161.83828738486096,118.07800142413625,153.63990366069152,251.4440401667103,157.94577558961066,48.757378753288684,208.56232694524576,173.71906264320194,161.32248421433195,135.37743051179532,173.0433733976361,54.63864750230942,71.20570305637891,140.16816395667547,170.28273863075754,59.467937284340294,113.43807974410294,231.6782682669189,96.76217424395998,193.61629290899367,225.62085449148353,124.30363512530192,142.24111248928597,188.61178312229396,224.47104906541892,97.67835507642403,92.22398328281668,19.117086219394942,100.65395287094964,212.15672513217856,201.67329529989456,171.82179711378058,230.5175619552186,126.99542053771181,81.14308345546196,144.80351768737168,123.65479346955001,169.95187910769704,40.01200871535334,244.54574278964338,197.99026401404967,104.88435642693477,108.70794163653828,111.51343304296336,128.28950203509177,176.27947169653515,226.6967483246255,186.78249755582578
217.28325138066916,147.96259571421317,183.5092175941417,110.8318811482316,157.74434538471598,243.2220412807409,147.04323131265798,55.41493918563172,194.66684903103456,165.195556334365,165.753382206711,127.43292613530403,180.5512983809841,53.7894560793037,74.45574637850352,147.8317960758223,176.36881054198227,64.99462725585103,116.52845375917379,258.3608040137475,92.08757374485779,192.53956464349127,214.05482868855012,114.40627684372788,141.74941031974492,188.80220185689993,249.6490670069796,96.49123845273624,80.51879508324014,18.48062829753769,103.22381960543997,219.75580109972495,174.62747249354422,176.4593838918744,241.2007019383544,133.06576248593436,68.3420319908091,140.93280161733585,130.71880456553401,180.09983168237207,42.71450949598491,260.8695291552034,181.14111249820536,102.10946513735934,98.35399565979928,112.48446982512924,130.24523383717784,186.93202979133363,233.35882513520716,204.50335851056755
216.94177320413942,143.41947861863446,186.9638385759912,111.74778468737037,174.1626951147302,241.15462603050773,168.47505540081943,50.14611306531832,207.84328487189876,160.7838590692805,157.95894276289508,134.01929525900132,189.9651772356269,52.12323774526271,70.3756298718479,152.61309951108353,172.81632356355558,61.50015694928613,121.34295173729865,245.07894995278335,108.3131181783605,193.18056635354827,222.24475658098274,113.63866660050756,145.16868004504892,174.9124568225007,249.77753160658682,97.55595941578945,81.95392576048113,18.824323114568102,105.15034621091876,235.13073799460284,200.18057894256458,191.64581509752352,242.70277899076382,132.08484953621644,81.19117961897997,132.92040911711666,127.53923990562811,166.06881999720613,42.04974995729622,269.4554139799268,182.98874817625526,99.67653706679036,98.25977840564455,111.98974016807345,124.78944241388983,184.311439179418,225.2274059149556,188.22741370296876
228.8804110605483,138.45739725720426,191.8409382254433,120.52987773172866,156.05656490595607,237.69075377524547,156.94083448115407,53.16002263329064,213.43467977534354,168.37948781563276,163.45159900780266,145.7042840787627,181.06074900236715,56.503349920958776,73.58097564897652,156.12453294772874,176.29462179798182,54.44229213907483,127.98395126821006,262.1936585390676,96.77525614519979,180.78348580954213,230.0918754570291,123.70962385143561,149.72687490532024,179.59131892806698,244.1706723865591,102.47995924017481,89.43667426329577,17.708669502094963,108.84695126904518,236.4580589340568,224.1795946063841,174.4140239916339,244.93120223475685,116.73705123034505,78.41292932892105,138.23835098793464,142.88903318606742,166.0518301888192,37.91840568184713,247.47972044781187,170.80097527013376,116.6292972282083,90.46577989503014,107.14214962091661,109.49246894945543,177.54120598843488,247.96290481975637,204.3092567794593
213.63314075024354,144.13013306624507,172.14938010313702,119.94146439381132,150.0409165714468,252.4386126540306,137.73017432567758,52.13244648211411,196.97473177848593,172.1843699245054,169.73358242438482,123.5664328482242,171.93517769892497,54.915297006923865,75.5537608859032,148.93976910773065,169.4502534779849,61.95647642022928,112.75941646053606,244.72780678057276,110.02943693407153,177.90139914349155,206.13029532053991,128.09621670812808,142.18047479729879,175.07125682650792,228.94861492361744,94.09566408996109,94.16537735945865,19.426605031031343,106.15770926924952,202.94373448163137,180.78111113659116,160.0766382672937,232.3777364995889,135.89249220628247,78.27111995941758,140.51492742218525,129.64254811430266,166.7651342918493,41.684682211600666,263.2714797233762,173.8997598756993,114.02616238835414,105.09319756697212,104.79211813339326,125.81107686395895,207.67001235282476,227.2141830279998,204.64315774909917
214.977221164203,145.6693497958973,175.9984743463166,118.28706528705263,152.66808506488073,247.61071760265838,169.63106810287374,55.020923707351315,211.7885787464948,164.85212848493288,176.01927655035365,134.42688883902812,172.22842563451502,55.24534002891535,72.18360925463938,148.53998507780494,175.22441061284493,60.73292417203794,109.03615195650882,259.1094219269491,101.58048328030176,184.41288233101847,209.3947794551786,122.28531505918309,143.8444010756548,178.88836859323118,233.78445894356076,86.22232474051583,85.2602477838035,18.379871790914127,104.95143164028238,210.36205962796845,208.258144430991,167.67449918597276,258.36973440645363,128.1002251844051,79.62360662047536,142.64791558760848,137.39690092140359,169.29836301408284,39.05475996187547,272.0312753160987,187.4663471841956,113.5818197410194,106.69383784748156,101.60937583744094,125.15098720849639,175.16403553283115,226.89827336093,201.38457011822607
206.93895275695638,138.8417667008965,184.014652922254,122.44743908190952,160.15129678541504,248.06626552939852,155.36916097766218,57.576294259588366,199.83090194816168,168.76236213880355,179.54035653129733,127.50919857622905,195.25504898252686,50.366933214572235,82.29249734209382,150.4851512195937,171.4799149962024,54.44130979370406,113.11459093471368,233.35498521588255,95.76227246546473,189.71976132505566,237.22052356932508,124.45974856133157,149.3680188169907,168.3977902780945,227.81131119065085,104.2965439511009,83.79435250905735,20.274166909071326,100.45014915781965,217.86040642351523,202.0192345752195,196.60590518277,240.63773666462288,127.05458060130833,76.06097706724871,144.50112134381288,135.70199006568885,172.64581972633832,42.55681892972269,275.01064739464135,192.16201811202012,114.09462809760518,92.97031675706106,93.80302153448389,123.86164141826487,179.55407338538845,222.59881516124634,203.11634159315923
222.3860292236998,152.72910251969805,172.736495974486,112.84623563991511,168.80754248883315,242.42276953668423,161.87799405867577,52.531407057400386,195.39004729391618,167.52086171983942,169.65041460316667,135.78169791631873,178.20505837214264,49.60243642738154,74.229314070127,159.52316054841904,171.0117520281475,59.104352929350874,121.56631849627232,237.2115836880434,91.38770475827353,189.4986755439157,220.71933331802634,117.3651336158701,145.80358826976115,182.30484012525756,237.95723680165284,96.8003905148472,95.18249505216191,18.345662194985977,103.10336903409006,212.3592583395276,183.5572613061357,179.17468790414006,236.251126513201,131.89454545146037,85.77993833247511,137.08308741294954,127.1115163027181,172.06538802766678,42.084761964468996,256.7414041259817,201.0348285886599,99.49684436934723,89.0216247818682,104.36972743011682,128.3308083901306,166.8233081101782,196.5130090358189,206.47129310035322
225.79280569622404,136.69693846134936,163.72443909948856,111.59599071157815,161.54402692995723,237.51338349716528,161.6153760141849,46.64428550416361,193.3779481017841,157.68459150213158,167.38247597028789,129.04416292243397,187.96567703902184,49.54548341980534,76.02577355203609,157.6559325908156,190.45833471576415,58.41282354020908,117.6088220445253,224.60830596746723,87.58881427491454,199.26833032461334,226.06500537071148,130.65076219544818,137.32621248803983,182.5638648658738,261.385492477543,97.34751989276234,88.14249266331994,18.6708764552889,93.99772343910045,233.11194064709497,185.7314426329939,189.20494365272356,223.78405527502676,122.12632161172534,81.94806892192727,139.63393900020583,139.56910031472117,171.93546195766635,37.629973316312096,264.9378335501468,183.0535556814773,116.32406652500273,100.43254942553106,99.04533389553829,122.48163488447685,201.34679622973914,234.10262153111694,200.08184909660903
235.3802046094954,145.8837674140718,173.80577789393692,110.9179846467853,162.54312537692545,258.0909153907571,151.21656076392247,57.772133888347,200.91940275834546,159.5745169452667,178.21311452938107,130.67552865310859,187.60579618443515,53.58504466069841,75.62648310676772,157.14614083616982,176.11654022810367,54.15482947386975,109.40744413842776,257.50049994694933,98.06634894440839,186.08936701007218,211.27738822090834,116.7010311629463,132.94552009698546,176.9807400480337,231.04985951162843,90.82845161792771,86.63635171066498,19.00563717403888,112.89684579361352,201.97540900535296,202.92038453223205,193.6905341777281,232.72991689748574,130.8682004172733,74.54848420312109,143.4051470239513,139.95943046839204,177.91591122232242,42.32281078705039,247.98700909325507,175.04980731637883,111.16572676679617,106.54380515041846,99.12435589492766,115.23711702416507,181.5499832185299,217.4301197948151,192.86225773367724
218.38400402353219,134.8274614343729,163.81793405711292,121.33359136481735,150.48786701442825,226.25125522906788,152.78242419852867,55.805896219969775,199.86518357953545,162.98699717230798,169.9180807212689,121.48268110700856,185.13818105948496,55.42494121076557,74.31645624335084,161.22395465590398,164.05902612499366,63.308474282777794,116.61358809431373,241.70634354822133,98.61835764696386,190.00499341935043,240.35446032700426,116.71887140991332,141.58544564911855,187.33905320907607,231.08339473565266,99.71624761653396,94.64163198075859,18.291698913352096,105.20204638347457,205.6252853634579,198.8560747168158,186.34090561032386,247.76610530070255,125.43031077660481,70.19500818809755,145.70033238752038,117.06459657854964,169.8920429006262,43.24816814565845,255.8232342822548,207.82378063899077,118.23817116492448,97.07956396914457,107.13602018673703,121.19221344154984,166.685496179042,217.91178044402506,195.1101694594421
201.46665896078696,144.69838046217794,169.8657047895601,107.74072158483334,163.9336209310517,253.9997732998127,159.471913874403,52.93571998167426,207.90084413261474,172.58856027094012,172.1676448374835,127.2083723895599,183.1301727555383,57.721630143661464,73.6236556022536,170.27166014916662,169.0711338491015,59.934008351284575,111.89006648491345,248.5675660616101,90.48101271569432,185.8818954470865,214.1109946098518,124.01085582227343,154.5861771505883,183.7186035860554,211.44659067969323,105.57329568599488,88.22493753068616,17.952190482942683,102.48034581535866,219.7629827589028,185.2122046128726,186.3268623834562,234.73557054386464,126.95222260161866,73.70107712357594,132.25816748982896,130.73702607818072,177.73535779263574,42.33609212397655,263.98389321450173,191.61542918735427,109.37794361823163,104.6068463354844,99.96875606951106,116.13029482930747,171.91628015713962,241.0761967975751,210.34348590502225
228.5603274247988,152.30319850700707,164.5965957617178,119.19991788576043,159.65132695667023,255.66905198599076,156.76609953355026,52.774842601386666,207.3762079561554,174.28779688506316,163.9696325304607,132.15867689920975,171.30492515374155,47.988187763275974,76.61714036223569,158.0550615813084,175.86284894058946,54.27944768199036,113.70400771801424,220.00137017504687,105.71387631737167,180.93011688502554,240.77690213136103,129.13981743725049,140.61136880857103,168.0843105005267,242.2751149596814,91.38540408880559,87.37855588673614,18.217737683211706,93.01462281627214,194.84740668661814,193.67449091289257,179.3839956790393,235.37471411967502,134.13169385336792,80.88298533343087,140.15685036258782,127.59562866721372,176.98020140219188,38.55358167925716,256.22333867373607,193.80794190183158,116.21675705182247,91.04812143086403,102.99349298854486,116.2604808817054,181.31066956038302,233.95937258114546,216.25060345156453
217.60612326837298,140.80812427326399,182.1709161654426,118.89029256679513,171.16594555418772,248.63255837443927,148.8085028058486,50.33120879902402,186.77665319678155,172.43184747792995,179.92288529708426,145.4053252131873,188.39153965463743,57.62749929612749,73.68483548858059,144.70213738695972,181.11008486066365,61.099750522294244,116.33958118292992,250.61546098670365,100.32454523273297,203.69106001097606,241.25389525425575,126.5722395677323,153.44151683299813,182.51056776753254,232.6410997744898,99.00102549635967,81.07712896223173,19.672695804854662,95.78331348952915,220.97073848611234,183.56832795330268,189.6681700456361,241.5646168625954,119.61653894110273,77.89535726130391,138.03307804789273,135.63309153682613,172.62075190365707,42.0839668575826,241.53475610377222,183.05868204295084,109.78386842780405,104.69600210066025,116.34994642059813,116.68614086432555,190.38722525303893,204.92137704447964,189.02758294301415
212.61776132614554,134.9158611379874,158.90115238393534,119.58438291622616,158.94330516113706,249.76238531337538,163.21032860048638,54.51972732076914,208.59139830413685,166.23839378333625,159.77216529263868,139.76295248208731,175.37237696456717,51.887511151428676,75.18125572233808,146.47542245363948,169.98829203813403,60.87523498573472,117.7493493016903,235.01742470651078,96.3382889425814,201.56869501958698,231.8105893203301,136.640780661994,156.02804420809187,188.3533279083849,222.1076070283535,99.03714605790752,86.70142541091646,18.15576256134922,102.53614833885146,228.37766866970398,196.34753661858335,176.56391449943195,251.12635251089574,125.48039587730018,77.10479933363004,139.9411375186625,128.3746234432896,179.35065695140662,39.169018822499744,279.26232744687616,172.12467630168052,109.02335748706346,102.18004489788815,110.16169964501981,120.8708445538991,179.8904552103392,233.1396788783032,198.3531329887861
239.1507225676589,150.54231741319475,179.66660927647513,111.61600722659307,160.01723544860684,241.41475751398502,149.94012165463573,54.778071836347316,196.48908047453207,172.3745406144468,160.7079792802043,144.46093320792653,172.69906226638247,54.97195027236145,78.91653698977696,149.00296037196023,181.1317225691562,56.270170617493186,124.43045989291612,245.9820647249219,95.81608173448754,188.1904538888633,235.4613004018705,119.62710266310745,141.67865050791852,175.91978417702074,224.46219636876492,104.41038777731376,84.50459697049956,19.45526906182575,102.74889923549729,207.37182145019815,191.4347309670014,191.86783232168605,239.7076837195366,137.50833901059363,80.27089809353727,148.7601286702577,126.83832055966869,163.53689065237597,40.013480261523426,255.8787949496938,193.74884667840163,100.77264724021086,100.26534769915342,107.83885571131606,119.80544655163776,192.43940223105167,233.2706234380805,214.2432413524128
220.66305556078916,151.28275605236715,186.64624083787174,125.0804314809782,152.11607375358506,241.98020695898072,154.97407718148904,55.13278137073038,208.88979689180417,159.96496873895782,170.11767927862192,119.82839951712084,194.11765387580613,52.997207908828635,76.0652125062436,150.96012209145303,183.80997183279987,51.92230275429379,115.620190894331,244.51098211428095,96.50253618405159,208.24700902981175,216.31466587028797,128.0207039173647,149.7312457971191,189.46056676660166,230.25697182865073,91.89563490573579,91.82909255973664,19.06402712064796,94.119736926219,212.03998654154822,195.22715698843396,192.384280705172,233.89486758829068,111.97953325862133,78.29568791382091,133.66990386390037,117.33453257287502,149.81698091890576,42.97398046834569,255.0150850895053,186.41783162045135,120.4092973556912,103.55387854979263,115.99517286318057,113.30797881305763,180.09600816999105,210.66613486485156,198.36986622536168
220.3030582539671,148.9495189642299,172.38665349692576,120.84910082189519,166.4047308984887,272.9493293366232,155.2056887586644,51.32770273098063,204.34164599651396,160.25807398680658,182.58148040273187,130.69889681259968,175.57887459450083,53.106119008577274,78.62727943605447,152.1110500251993,168.09305794837988,65.03277290271444,110.86714890388473,246.24561335471358,101.98914812160501,176.0638715503026,231.62359808102906,116.8448291015106,153.26500654493458,169.52025169405283,246.45855855442693,100.74510642660856,90.75807870663698,18.89888507153334,100.50923250021941,211.646862859709,206.1071934628429,178.1510634944979,229.7472885832632,133.9273330352692,73.2973555155132,135.4884255535536,120.74922019107922,168.49148699039318,41.089804825267464,256.47890371038596,197.71739084235423,115.32917473063851,99.35330133910468,105.93479793561364,124.61814660239871,192.25952014328092,229.8497787853827,196.00611804383985
212.25568909335746,134.2919960967635,177.82060924327067,120.57491197872146,165.35904307902942,243.49752177259245,169.16301427279262,52.51379153347189,211.71745141903776,166.49450982154767,164.46223422845398,136.54900993149508,184.352372503922,55.35165620977374,76.16193184453488,153.02534196585574,195.58981448458442,63.487089972692104,119.97488924196537,247.18600757341824,103.81484429288587,196.03894335477395,226.42433892084844,121.31906489919825,146.49385557166707,151.80300529706943,240.58788530735487,93.02592064006532,94.13775275468329,18.680950233352863,95.80994265394938,217.29287884859093,181.7330044178365,188.91118679620442,245.52054533831304,135.9002141409497,73.31661696815937,142.32167265827644,121.22459205585317,178.77096426048195,42.34453390245499,259.74024635614046,188.5483233784304,114.68441937433303,108.6838016562336,105.47551724997918,122.3246554326306,170.87141313405593,218.69918514382434,201.64184529744466
235.71692292878726,142.51720461576278,169.97747338991556,114.78123904010761,156.41506056756143,248.71018677142135,146.2991081476037,57.35894104356142,195.23774726059295,172.94863689480837,159.11044330244144,137.07100667570396,186.78615729208386,55.42706691054206,72.17375015817805,155.24051206083539,163.60390190796602,59.08550208322008,121.82819016789107,255.79753655879338,98.79137034039505,181.93932683600082,233.54621783787545,123.2939390966434,130.97593094277119,184.9779151928228,237.77949832707824,101.23297435043956,82.2992618411716,15.92200168237131,103.10715930578293,221.03439153269903,175.9695685541012,175.68307215804091,277.71465076143886,127.58060802264295,79.1131668869718,137.531970101177,116.90725201762363,171.1461390469018,40.715772827414284,248.36462194116766,187.45547267406604,113.82463173903143,99.55596628320393,100.43726125641616,124.46886455648682,163.65311427291437,206.14759173475002,208.21296804038752
228.78574225184857,143.94150467685975,160.40298741277093,113.06657027474807,158.55691512475954,226.27363446192626,151.9519969325069,55.58416022411767,216.77380047913914,163.35532593414158,176.07726786202423,120.46437648638718,186.6695143295744,52.23018176323306,77.02770139245665,151.4280469662379,185.41967768923672,57.27716129548236,119.40504281483432,242.3967361166228,97.93811848338258,189.27876899731962,216.76567941549894,123.0877164450018,146.62773236629718,180.0378239229571,239.07580218189136,99.20631805814662,91.04019344984721,17.707812580019404,106.19247624309313,205.28993602825267,197.2037483667367,190.2984371929826,219.92078617324626,130.14873055052223,74.50800469485118,136.7905779769227,138.85617206932247,167.05895284068157,39.62962472501499,254.3411751831927,195.1079250444023,111.53775048904292,106.32966723290653,109.86829804353334,108.9441968009395,175.69407466060457,222.075662278362,205.52557189394875
195.6239269042048,163.9771769523379,176.62221093746686,118.01552102854247,170.4307980897967,275.5371430197271,164.68810732057162,56.4142852229311,203.16605483524896,165.64106560461337,165.5558716213125,127.19883376484074,174.51600964331828,50.82204133421838,75.56583493046062,140.9302118829946,175.2383258834343,59.7283758622033,116.56952600475825,239.47393592728193,115.13370757987754,204.46961576324426,212.48544289093283,124.6170700422179,142.6835221467569,169.08151957383222,222.63903987333822,97.40843508580127,84.0201501411149,19.588220647343952,106.85830951990299,233.32581924756823,183.5019542354173,188.92968394859355,249.74889025129417,126.50982922971806,73.38670386664367,153.98657519639454,131.27191268960124,178.18620619232243,39.59852949296113,238.39467648847872,183.240755347689,111.63609872685022,95.10816363102072,106.93715595813141,111.64465471419221,170.58185124651135,236.1945458501622,206.80823066789463
218.73065572477574,137.1929806205742,163.3820899335017,114.97433131160557,165.91521034157765,256.7112780935532,153.80560616890426,50.785309739332476,204.5640909259765,160.08785063972772,165.20479250396903,141.64456926855348,188.24098171843983,54.803642397091565,71.17928852576475,154.94466046325735,183.04535212429946,58.72362183550631,123.80364770529397,262.2212011823748,107.27951849764413,193.96461540091724,232.86763266136182,132.19942206664768,150.4151367631901,173.476690890792,232.78802289205245,96.46977265815867,81.49955771029643,18.529687048064805,107.40878674662865,195.2298204116182,206.76208007556846,195.14157750942204,236.47560025888856,133.1130086740123,76.2859482765256,151.09199801917433,136.32342735048357,160.9392849934186,42.48958150499386,250.78862062481048,189.31551381272354,108.3142730666478,109.46804303817603,112.70081649252265,117.06833252259185,168.76160339849687,224.04045053519977,205.06511200976587
225.75384422215467,153.68935794575103,178.92339106872546,122.95897474134428,163.30077114695342,228.6231010581446,156.13658478166846,56.72903964643326,201.32348673469374,171.06677853393268,166.8609927678087,125.9098896391292,179.50444754372458,55.219177718608094,73.40657055346894,151.5192429845887,165.60872393240987,63.28105475168036,114.02506948018468,264.3275198332411,106.55790023608401,190.25424191499374,215.00863075149505,110.97526042816388,136.65062680746414,166.07063469364522,255.05491876475693,95.8795967947216,88.64200928482005,16.701792459092534,95.76682346767011,227.71483266164574,194.2572596266996,183.1391705765908,248.90601643494674,140.58591627688799,75.43559513782228,142.57353210752004,131.04304978277284,194.53968922247105,37.148670044946,262.185686240374,187.45395979029215,115.559334725147,97.06270190931079,106.72819012932862,125.87846653211923,210.79015839917463,237.81951825039954,192.32740152279024
