tf_knockdown,gene,baseline_log2,true_knockdown_log2,true_fc,ode_pred_log2,scm_pred_log2,ode_fc,scm_fc,ode_abs_error,scm_abs_error,ode_fc_error,scm_fc_error,scm_wins_abs,scm_wins_fc,ode_fold_error,scm_fold_error,baseline_error
fis,aldA,8.410132205490216,8.567804277026836,0.15767207153662,4.2344637160464735,8.445765779764477,-4.175668489443742,0.03563357427426084,4.333340560980362,0.12203849726235916,4.333340560980362,0.12203849726235916,True,True,20.15883779027744,1.088271481012151,0.15767207153662
fis,ampD,7.328576647359485,7.490350787244657,0.1617741398851722,4.50709406985421,7.288962586942774,-2.821482577505275,-0.039614060416711006,2.9832567173904474,0.2013882003018832,2.9832567173904474,0.2013882003018832,True,True,7.90769220478301,1.149804195662623,0.1617741398851722
fis,ampE,7.328576647359485,7.490350787244657,0.1617741398851722,5.412902747998286,7.289329036449403,-1.9156738993611988,-0.03924761091008211,2.077448039246371,0.2010217507952543,2.077448039246371,0.2010217507952543,True,True,4.220599802169227,1.1495121785271596,0.1617741398851722
fis,ansB,6.13088011104854,6.2128514548987175,0.0819713438501779,6.198513139741147,6.078705725727998,0.06763302869260723,-0.05217438532054164,0.014338315157570669,0.13414572917071954,0.014338315157570669,0.13414572917071954,False,False,1.0099881142609413,1.0974427866121763,0.0819713438501779
fis,araB,5.990727284157852,6.326706450872568,0.3359791667147167,6.174320236937345,6.003586740865067,0.1835929527794935,0.012859456707215777,0.15238621393522322,0.32311971000750095,0.15238621393522322,0.32311971000750095,False,False,1.1114062157238458,1.2510328823294765,0.3359791667147167
fis,araA,5.990727284157852,6.326706450872568,0.3359791667147167,6.724721117110708,6.002526352256112,0.7339938329528568,0.011799068098260257,0.3980146662381401,0.32418009861645647,0.3980146662381401,0.32418009861645647,True,True,1.3176933471542718,1.251952736229153,0.3359791667147167
fis,araD,5.990727284157852,6.326706450872568,0.3359791667147167,6.1700658017070715,6.003627970829561,0.17933851754921992,0.01290068667170896,0.1566406491654968,0.32307848004300777,0.1566406491654968,0.32307848004300777,False,False,1.1146885341619182,1.2509971302801348,0.3359791667147167
fis,araC,7.551381437653157,7.956462484843477,0.40508104719031923,5.960040652309932,7.671380660677965,-1.5913407853432258,0.11999922302480748,1.996421832533545,0.28508182416551175,1.996421832533545,0.28508182416551175,True,True,3.990091505822696,1.2184793692224314,0.40508104719031923
fis,araE,6.603984515390489,6.191461322184782,-0.41252319320570674,5.9013199334031965,6.5264286530643325,-0.7026645819872925,-0.07755586232615652,0.2901413887815858,0.3349673308795502,0.2901413887815858,0.3349673308795502,False,False,1.2227601062666118,1.2613488458829003,0.41252319320570674
fis,araJ,7.409637758250295,7.616000573499408,0.20636281524911304,5.474027525539289,7.428927115276051,-1.9356102327110056,0.019289357025756182,2.1419730479601187,0.18707345822335686,2.1419730479601187,0.18707345822335686,True,True,4.413652504731223,1.1384519945696558,0.20636281524911304
fis,argG,7.503646066324514,8.178194332223278,0.674548265898764,5.393044248923809,7.673803219208341,-2.1106018174007044,0.17015715288382705,2.7851500832994684,0.504391113014937,2.7851500832994684,0.504391113014937,True,True,6.8930863268996445,1.4185245439774272,0.674548265898764
fis,aspA,6.523024446125136,6.719412654661507,0.19638820853637107,5.658715152968167,6.537548787418371,-0.8643092931569694,0.014524341293234322,1.0606975016933404,0.18186386724313675,1.0606975016933404,0.18186386724313675,True,True,2.085939770012466,1.1343484427252055,0.19638820853637107
fis,dcuB,6.523024446125136,6.719412654661507,0.19638820853637107,4.710417137758542,6.537685058053966,-1.8126073083665943,0.014660611928829503,2.0089955169029654,0.18172759660754156,2.0089955169029654,0.18172759660754156,True,True,4.025018786442885,1.1342413022147524,0.19638820853637107
fis,crp,9.242939066276502,9.506433555528131,0.2634944892516291,4.72967747808924,9.343328505651737,-4.513261588187262,0.1003894393752347,4.7767560774388915,0.1631050498763944,4.7767560774388915,0.1631050498763944,True,True,27.41238743231702,1.1196944162636162,0.2634944892516291
fis,cyaA,9.012022166256498,9.455373381838076,0.4433512155815773,4.03237993228722,9.158810967917567,-4.979642233969279,0.146788801661069,5.422993449550856,0.2965624139205083,5.422993449550856,0.2965624139205083,True,True,42.902608134038715,1.2282143923233897,0.4433512155815773
fis,fis,8.606371874705259,9.7477870455566,1.1414151708513405,5.737945600763252,7.440584387266032,-2.8684262739420063,-1.1657874874392267,4.009841444793347,2.307202658290567,4.009841444793347,2.307202658290567,True,True,16.109518233820214,4.949225093580769,1.1414151708513405
fis,Fis,8.606371874705259,9.7477870455566,1.1414151708513405,6.33438118471632,8.958123636704773,-2.2719906899889386,0.3517517619995143,3.413405860840279,0.7896634088518262,3.413405860840279,0.7896634088518262,True,True,10.654609852983032,1.7286711041400504,1.1414151708513405
fis,galE,7.3599238266152955,8.901582736155953,1.5416589095406579,6.293410878717492,7.756072349861526,-1.0665129478978033,0.3961485232462305,2.608171857438461,1.1455103862944274,2.608171857438461,1.1455103862944274,True,True,6.097305604380213,2.212243799949745,1.5416589095406579
fis,galT,7.3599238266152955,8.901582736155953,1.5416589095406579,6.180860407666581,7.756629486881971,-1.1790634189487141,0.39670566026667586,2.720722328489372,1.144953249273982,2.720722328489372,1.144953249273982,True,True,6.5920278082242785,2.2113896451018253,1.5416589095406579
fis,galK,7.3599238266152955,8.901582736155953,1.5416589095406579,5.452105083318851,7.756667090638524,-1.9078187432964446,0.3967432640232289,3.4494776528371025,1.144915645517429,3.4494776528371025,1.144915645517429,True,True,10.924366024115086,2.2113320061193824,1.5416589095406579
fis,galM,7.3599238266152955,8.901582736155953,1.5416589095406579,6.176607424089105,7.756620433605406,-1.1833164025261906,0.3966966069901101,2.7249753120668485,1.1449623025505478,2.7249753120668485,1.1449623025505478,True,True,6.611489406004374,2.2114035221751505,1.5416589095406579
fis,galR,7.398677326740378,7.198133609473465,-0.2005437172669131,4.890216462644018,7.37719394926266,-2.50846086409636,-0.021483377477718335,2.307917146829447,0.17906033978919478,2.307917146829447,0.17906033978919478,True,True,4.951676783151475,1.1321462524069654,0.2005437172669131
fis,lacZ,7.049938417405712,7.1148041541902005,0.0648657367844887,6.652258041585196,7.036155516780802,-0.3976803758205154,-0.013782900624909722,0.4625461126050041,0.07864863740939843,0.4625461126050041,0.07864863740939843,True,True,1.3779715600817275,1.0560284025485955,0.0648657367844887
fis,lacY,7.049938417405712,7.1148041541902005,0.0648657367844887,6.008034946019122,7.036246700102151,-1.0419034713865898,-0.013691717303561113,1.1067692081710785,0.07855745408804982,1.1067692081710785,0.07855745408804982,True,True,2.1536282030972718,1.0559616600066732,0.0648657367844887
fis,lacA,7.049938417405712,7.1148041541902005,0.0648657367844887,5.5686761999380545,7.036314679744711,-1.4812622174676573,-0.013623737661000668,1.546127954252146,0.07848947444548937,1.546127954252146,0.07848947444548937,True,True,2.9203230165693044,1.0559119043736587,0.0648657367844887
fis,malE,6.534438275359352,6.5659935162191285,0.03155524085977657,6.261461668263553,6.318903380314609,-0.2729766070957993,-0.2155348950447431,0.30453184795557586,0.24709013590451967,0.30453184795557586,0.24709013590451967,True,True,1.2350178109540855,1.1868109442594195,0.03155524085977657
fis,malF,6.534438275359352,6.5659935162191285,0.03155524085977657,6.850597501075697,6.381350106842526,0.316159225716345,-0.15308816851682572,0.28460398485656846,0.18464340937660229,0.28460398485656846,0.18464340937660229,True,True,1.218075859879419,1.1365360211517659,0.03155524085977657
fis,malG,6.534438275359352,6.5659935162191285,0.03155524085977657,6.080805693424724,6.294646207719099,-0.4536325819346283,-0.23979206764025296,0.48518782279440487,0.2713473085000295,0.48518782279440487,0.2713473085000295,True,True,1.3997680879174583,1.206934437207495,0.03155524085977657
fis,malK,6.321039431143055,6.654941025891389,0.33390159474833325,6.297337282983145,6.315458263340552,-0.02370214815991023,-0.005581167802503728,0.3576037429082435,0.339482762550837,0.3576037429082435,0.339482762550837,True,True,1.2812959493316682,1.265302874129346,0.33390159474833325
fis,agp,5.934763859173036,7.024661517833867,1.0898976586608313,4.479535495390578,6.119035888216643,-1.4552283637824583,0.18427202904360662,2.5451260224432897,0.9056256296172247,2.5451260224432897,0.9056256296172247,True,True,5.836591193198501,1.873356706262064,1.0898976586608313
fis,aroA,9.611460984942257,9.83815990478591,0.22669891984365265,5.800888913428746,9.696963315036097,-3.810572071513511,0.08550233009384023,4.037270991357164,0.14119658974981242,4.037270991357164,0.14119658974981242,True,True,16.418734079795996,1.1028194292158158,0.22669891984365265
fis,zraS,6.476327980705028,6.535912954102822,0.05958497339779445,5.297618694071251,6.3239192913483935,-1.1787092866337767,-0.15240868935663432,1.2382942600315712,0.21199366275442877,1.2382942600315712,0.21199366275442877,True,True,2.359194329729816,1.1582877182379883,0.05958497339779445
araC,aldA,8.392437231025902,8.607775301840624,0.21533807081472212,4.2344640469809285,8.445765779764477,-4.157973184044973,0.053328548738575066,4.373311254859695,0.16200952207614705,4.373311254859695,0.16200952207614705,True,True,20.725158857645024,1.1188444856089776,0.21533807081472212
araC,ampD,7.29944359041762,7.556159197664987,0.25671560724736686,4.5070945090002645,7.288962586942774,-2.7923490814173553,-0.010481003474845707,3.049064688664722,0.26719661072221257,3.049064688664722,0.26719661072221257,True,True,8.276751763163091,1.2034670235123135,0.25671560724736686
araC,ampE,7.29944359041762,7.556159197664987,0.25671560724736686,5.412903195798859,7.289329036449403,-1.8865403946187609,-0.01011455396821681,2.1432560018661277,0.26683016121558367,2.1432560018661277,0.26683016121558367,True,True,4.417579205159691,1.2031613775648067,0.25671560724736686
araC,ansB,6.346369501128347,5.7260843349258135,-0.6202851662025335,6.198630885389721,6.078705725727998,-0.1477386157386258,-0.267663775400349,0.4725465504639077,0.35262139080218446,0.4725465504639077,0.35262139080218446,True,True,1.3875565313688765,1.2768786215417414,0.6202851662025335
araC,araB,6.170243337175733,5.921199190937152,-0.24904414623858084,6.17364540985259,6.045346516502638,0.003402072676856882,-0.12489682067309449,0.2524462189154377,0.12414732556548636,0.2524462189154377,0.12414732556548636,True,True,1.191225232857187,1.0898634015290618,0.24904414623858084
araC,araA,6.170243337175733,5.921199190937152,-0.24904414623858084,6.724160138184239,6.126414793075721,0.5539168010085058,-0.04382854410001169,0.8029609472470867,0.20521560213856915,0.8029609472470867,0.20521560213856915,True,True,1.7446781836754233,1.152858621746366,0.24904414623858084
araC,araD,6.170243337175733,5.921199190937152,-0.24904414623858084,6.1692226712402025,6.044157785303275,-0.001020665935530296,-0.12608555187245774,0.24802348030305055,0.12295859436612311,0.24802348030305055,0.12295859436612311,True,True,1.187578994127485,1.0889657613542298,0.24904414623858084
araC,araE,6.443756993277698,6.553397886441393,0.10964089316369474,5.900816675139734,6.478138208248556,-0.5429403181379637,0.034381214970857776,0.6525812113016585,0.07525967819283697,0.6525812113016585,0.07525967819283697,True,True,1.5719782007447392,1.0535506529573417,0.10964089316369474
araC,araJ,7.310555333262304,7.8398170065658945,0.5292616733035906,5.473381138181423,6.696028136469413,-1.8371741950808813,-0.6145271967928911,2.366435868384472,1.1437888700964818,2.366435868384472,1.1437888700964818,True,True,5.156656220455363,2.2096055832029697,0.5292616733035906
araC,argG,7.769578587911129,7.577481658657737,-0.19209692925339183,5.393044639162874,7.673803219208341,-2.3765339487482544,-0.09577536870278802,2.1844370194948626,0.09632156055060381,2.1844370194948626,0.09632156055060381,True,True,4.545493766277658,1.0690442426348967,0.19209692925339183
araC,cyaA,9.100009046667987,9.25662057847528,0.15661153180729315,4.032380299854484,9.158810967917567,-5.067628746813503,0.0588019212495805,5.224240278620796,0.09780961055771265,5.224240278620796,0.09780961055771265,True,True,37.38118188705011,1.07014746398862,0.15661153180729315
araC,fis,9.042628097836912,8.762331635313878,-0.28029646252303486,6.738132948902529,8.958063351506869,-2.3044951489343832,-0.0845647463300434,2.0241986864113484,0.19573171619299146,2.0241986864113484,0.19573171619299146,True,True,4.06765884820223,1.1453048970885593,0.28029646252303486
araC,Fis,9.042628097836912,8.762331635313878,-0.28029646252303486,6.334539038952992,8.958123636704773,-2.70808905888392,-0.0845044611321395,2.4277925963608853,0.19579200139089536,2.4277925963608853,0.19579200139089536,True,True,5.380695243020851,1.145352756388701,0.28029646252303486
araC,galE,7.716223332083989,8.096740864078013,0.38051753199402416,6.293411014969649,7.756072349861526,-1.4228123171143396,0.03984901777753702,1.8033298491083638,0.34066851421648714,1.8033298491083638,0.34066851421648714,True,True,3.4902487213207385,1.2663432545839435,0.38051753199402416
araC,galT,7.716223332083989,8.096740864078013,0.38051753199402416,6.18086071443976,7.756629486881971,-1.5353626176442292,0.040406154797982374,1.9158801496382534,0.3401113771960418,1.9158801496382534,0.3401113771960418,True,True,3.7734395160710883,1.2658543151505695,0.38051753199402416
araC,galK,7.716223332083989,8.096740864078013,0.38051753199402416,5.452105361119155,7.756667090638524,-2.2641179709648345,0.040443758554535414,2.6446355029588586,0.34007377343948875,2.6446355029588586,0.34007377343948875,True,True,6.2533770291197674,1.265821321166534,0.38051753199402416
araC,galM,7.716223332083989,8.096740864078013,0.38051753199402416,6.176607778777632,7.756620433605406,-1.5396155533063567,0.04039710152141662,1.9201330853003808,0.34012043047260754,1.9201330853003808,0.34012043047260754,True,True,3.7845796895747807,1.265862258731742,0.38051753199402416
araC,lacZ,7.05975178608957,7.092636820523772,0.03288503443420243,6.652258290947204,7.036155516780802,-0.4074934951423659,-0.02359626930876768,0.4403785295765683,0.05648130374297011,0.4403785295765683,0.05648130374297011,True,True,1.356960315525641,1.039926311632817,0.03288503443420243
araC,lacY,7.05975178608957,7.092636820523772,0.03288503443420243,6.0080351011412105,7.036246700102151,-1.0517166849483592,-0.023505085987419072,1.0846017193825617,0.056390120421621504,1.0846017193825617,0.056390120421621504,True,True,2.1207899216171726,1.0398605867666273,0.03288503443420243
araC,lacA,7.05975178608957,7.092636820523772,0.03288503443420243,5.568676491304293,7.036314679744711,-1.4910752947852766,-0.023437106344858627,1.523960329219479,0.05632214077906106,1.523960329219479,0.05632214077906106,True,True,2.875793986916074,1.0398115897966604,0.03288503443420243
araC,malE,6.580310249209935,6.462373711130577,-0.11793653807935822,6.261534212073019,6.511055733955752,-0.3187760371369164,-0.06925451525418325,0.20083949905755816,0.048682022825174975,0.20083949905755816,0.048682022825174975,True,True,1.1493669729543674,1.0343195872040711,0.11793653807935822
araC,malF,6.580310249209935,6.462373711130577,-0.11793653807935822,6.850754713971018,6.512333744358219,0.2704444647610824,-0.0679765048517158,0.38838100284044064,0.04996003322764242,0.38838100284044064,0.04996003322764242,True,True,1.3089237008416936,1.0352362444439622,0.11793653807935822
araC,malG,6.580310249209935,6.462373711130577,-0.11793653807935822,6.080879337236825,6.511158838430297,-0.4994309119731106,-0.06915141077963849,0.3814943738937524,0.04878512729971973,0.3814943738937524,0.04878512729971973,True,True,1.302690511092925,1.0343935091247283,0.11793653807935822
araC,aroA,9.635282181471455,9.784350409921538,0.1490682284500835,5.800889368639573,9.696963315036097,-3.834392812831882,0.06168113356464211,3.9834610412819655,0.08738709488544139,3.9834610412819655,0.08738709488544139,True,True,15.817624446190479,1.0624442166239498,0.1490682284500835
araC,zraS,6.510962573108202,6.4576771727992295,-0.05328540030897244,5.297619084850488,6.3239192913483935,-1.2133434882577143,-0.18704328175980844,1.1600580879487419,0.133757881450836,1.1600580879487419,0.133757881450836,True,True,2.234664249732417,1.0971477946271202,0.05328540030897244
malT,aldA,8.421358007953748,8.542446408908434,0.12108840095468665,4.234464046980933,8.445765779764477,-4.186893960972815,0.024407771810729173,4.307982361927501,0.09668062914395747,4.307982361927501,0.09668062914395747,True,True,19.807602488524036,1.069310347372558,0.12108840095468665
malT,ampD,7.431887602007361,7.256982565092405,-0.1749050369149563,4.50709450900027,7.288962586942774,-2.924793093007091,-0.14292501506458688,2.749888056092135,0.03198002185036941,2.749888056092135,0.03198002185036941,True,True,6.726649356812167,1.0224143723241006,0.1749050369149563
malT,ampE,7.431887602007361,7.256982565092405,-0.1749050369149563,5.412903195798863,7.289329036449403,-2.0189844062084976,-0.14255856555795798,1.8440793692935413,0.03234647135699831,1.8440793692935413,0.03234647135699831,True,True,3.5902377127350267,1.0226741020788956,0.1749050369149563
malT,ansB,6.220003446636392,6.0115315227646535,-0.20847192387173852,6.1986308853897265,6.078705725727998,-0.021372561246665533,-0.1412977209083941,0.18709936262507298,0.06717420296334442,0.18709936262507298,0.06717420296334442,True,True,1.1384724362997032,1.047662622935807,0.20847192387173852
malT,araB,5.970717360912173,6.371906693471848,0.40118933255967537,6.174320407735688,6.003586740865067,0.20360304682351504,0.03286937995289474,0.19758628573616033,0.36831995260678063,0.19758628573616033,0.36831995260678063,False,False,1.1467781213842796,1.2908487357164369,0.40118933255967537
malT,araA,5.970717360912173,6.371906693471848,0.40118933255967537,6.72472131218618,6.002526352256112,0.7540039512740071,0.03180899134393922,0.35281461871433173,0.36938034121573615,0.35281461871433173,0.36938034121573615,False,False,1.2770496522216108,1.2917978652398994,0.40118933255967537
malT,araD,5.970717360912173,6.371906693471848,0.40118933255967537,6.170065875927964,6.003627970829561,0.19934851501579143,0.03291060991738792,0.20184081754388394,0.36827872264228745,0.20184081754388394,0.36827872264228745,False,False,1.1501649807444558,1.2908118458086304,0.40118933255967537
malT,araC,7.685869694905433,7.652668123419835,-0.033201571485598436,5.960040845412768,7.671380660677965,-1.7258288494926655,-0.014489034227468167,1.692627278007067,0.01871253725813027,1.692627278007067,0.01871253725813027,True,True,3.232448260455257,1.0130550247927073,0.033201571485598436
malT,araE,6.5718311659871675,6.264092245130644,-0.3077389208565231,5.901320183615234,6.5264286530643325,-0.6705109823719333,-0.04540251292283504,0.3627720615154102,0.26233640793368806,0.3627720615154102,0.26233640793368806,True,True,1.2858943026154437,1.1994195620918917,0.3077389208565231
malT,araJ,7.459888331889398,7.502489987209133,0.04260165531973481,5.474027633030373,7.428927115276051,-1.9858606988590246,-0.030961216613347275,2.0284623541787594,0.07356287193308209,2.0284623541787594,0.07356287193308209,True,True,4.0796979820589385,1.0523122620073764,0.04260165531973481
malT,argG,7.711894259047025,7.7077842903480995,-0.004109968698925215,5.39304463916288,7.673803219208341,-2.318849619884145,-0.038091039838684004,2.31473965118522,0.03398107113975879,2.31473965118522,0.03398107113975879,True,True,4.9751487166082144,1.0238334671475349,0.004109968698925215
malT,aspA,6.574269831286816,6.603654897224749,0.029385065937932886,5.6587156010548005,6.537548787418371,-0.9155542302320159,-0.03672104386844577,0.9449392961699488,0.06610610980637865,0.9449392961699488,0.06610610980637865,True,True,1.9251078823343464,1.0468872774019684,0.029385065937932886
malT,dcuB,6.574269831286816,6.603654897224749,0.029385065937932886,4.710417519185004,6.537685058053966,-1.8638523121018125,-0.03658477323285059,1.8932373780397453,0.06596983917078347,1.8932373780397453,0.06596983917078347,True,True,3.7146785644270914,1.0467883976988164,0.029385065937932886
malT,crp,9.313214558013554,9.347688854896449,0.034474296882894606,4.729847462492446,9.343328505651737,-4.583367095521108,0.03011394763818309,4.617841392404003,0.004360349244711514,4.617841392404003,0.004360349244711514,True,True,24.553238043726665,1.0030269357315216,0.034474296882894606
malT,cyaA,9.191610255810618,9.049703399193833,-0.14190685661678515,4.032380299854489,9.158810967917567,-5.159229955956129,-0.03279928789305053,5.017323099339344,0.10910756872373462,5.017323099339344,0.10910756872373462,True,True,32.38655476443283,1.078560847226055,0.14190685661678515
malT,fis,8.943658673232473,8.985892812791045,0.04223413955857147,6.738132948902534,8.958063351506869,-2.2055257243299398,0.014404678274395621,2.2477598638885112,0.02782946128417585,2.2477598638885112,0.02782946128417585,True,True,4.74944805444226,1.0194771650800583,0.04223413955857147
malT,Fis,8.943658673232473,8.985892812791045,0.04223413955857147,6.334539038952997,8.958123636704773,-2.6091196342794767,0.01446496347229953,2.651353773838048,0.02776917608627194,2.651353773838048,0.02776917608627194,True,True,6.282565354468384,1.0194345655723003,0.04223413955857147
malT,galE,7.7877199210266355,7.935237837527103,0.1475179165004672,6.293411014969655,7.756072349861526,-1.4943089060569807,-0.03164757116510941,1.641826822557448,0.1791654876655766,1.641826822557448,0.1791654876655766,True,True,3.120607308448902,1.1322287695772753,0.1475179165004672
malT,galT,7.7877199210266355,7.935237837527103,0.1475179165004672,6.180860714439764,7.756629486881971,-1.6068592065868712,-0.03109043414466406,1.7543771230873384,0.17860835064513125,1.7543771230873384,0.17860835064513125,True,True,3.373806244784016,1.131791612202256,0.1475179165004672
malT,galK,7.7877199210266355,7.935237837527103,0.1475179165004672,5.452105361119159,7.756667090638524,-2.3356145599074765,-0.03105283038811102,2.4831324764079437,0.1785707468885782,2.4831324764079437,0.1785707468885782,True,True,5.591101270333898,1.1317621125086994,0.1475179165004672
malT,galM,7.7877199210266355,7.935237837527103,0.1475179165004672,6.176607778777638,7.756620433605406,-1.6111121422489978,-0.03109948742122981,1.758630058749465,0.178617403921697,1.758630058749465,0.178617403921697,True,True,3.383766597076574,1.1317987145033932,0.1475179165004672
malT,galR,7.653873104075066,6.621674074660884,-1.0321990294141816,4.890216462644023,7.37719394926266,-2.7636566414310426,-0.2766791548124061,1.731457612016861,0.7555198746017755,1.731457612016861,0.7555198746017755,True,True,3.3206314546553197,1.6882398392378664,1.0321990294141816
malT,lacZ,7.060808830193328,7.090249072737768,0.029440242544439776,6.652258290947208,7.036155516780802,-0.4085505392461197,-0.024653313412525968,0.4379907817905595,0.054093555956965744,0.4379907817905595,0.054093555956965744,True,True,1.3547163213949773,1.0382065940309664,0.029440242544439776
malT,lacY,7.060808830193328,7.090249072737768,0.029440242544439776,6.008035101141215,7.036246700102151,-1.052773729052113,-0.02456213009117736,1.0822139715965529,0.054002372635617135,1.0822139715965529,0.054002372635617135,True,True,2.117282788739351,1.038140977853448,0.029440242544439776
malT,lacA,7.060808830193328,7.090249072737768,0.029440242544439776,5.5686764913042985,7.036314679744711,-1.4921323388890295,-0.024494150448616914,1.5215725814334693,0.05393439299305669,1.5215725814334693,0.05393439299305669,True,True,2.8710383100154275,1.038092061909368,0.029440242544439776
malT,malE,6.6142749917674655,6.385651047851298,-0.22862394391616725,6.261477254943663,6.583208570582431,-0.35279773682380267,-0.031066421185034443,0.12417379290763542,0.1975575227311328,0.12417379290763542,0.1975575227311328,False,False,1.0898833960887762,1.1467552583015563,0.22862394391616725
malT,malF,6.6142749917674655,6.385651047851298,-0.22862394391616725,6.850602398706085,6.651127576327065,0.23632740693861987,0.0368525845595995,0.4649513508547871,0.26547652847576675,0.4649513508547871,0.26547652847576675,True,True,1.3802708084753046,1.2020330207215302,0.22862394391616725
malT,malG,6.6142749917674655,6.385651047851298,-0.22862394391616725,6.080809291992615,6.5501880455020585,-0.5334656997748501,-0.06408694626540701,0.3048417558586829,0.16453699765076024,0.3048417558586829,0.16453699765076024,True,True,1.2352831358362752,1.120806321306023,0.22862394391616725
malT,malK,6.371309583846443,6.541386212622098,0.17007662877565455,6.297229283372544,6.317618038195435,-0.07408030047389946,-0.05369154565100853,0.244156929249554,0.22376817442666308,0.244156929249554,0.22376817442666308,True,True,1.184400438083825,1.1677797298954202,0.17007662877565455
malT,agp,6.128370124580774,6.587325998965252,0.45895587438447816,4.479535772221933,6.119035888216643,-1.6488343523588407,-0.009334236364130888,2.107790226743319,0.46829011074860905,2.107790226743319,0.46829011074860905,True,True,4.310305800017687,1.3834688020181594,0.45895587438447816
malT,aroA,9.70732230706023,9.621619593140505,-0.08570271391972462,5.800889368639577,9.696963315036097,-3.906432938420652,-0.010358992024132263,3.8207302245009274,0.07534372189559235,3.8207302245009274,0.07534372189559235,True,True,14.130398275157116,1.053612028975498,0.08570271391972462
malT,zraS,6.565875398783323,6.333635065698023,-0.2322403330852998,5.297619084850492,6.3239192913483935,-1.268256313932831,-0.24195610743492946,1.036015980847531,0.009715774349629669,1.036015980847531,0.009715774349629669,True,True,2.0505571898362094,1.0067571890743678,0.2322403330852998
crp,ampD,7.127940475871677,7.94356610017185,0.8156256243001732,4.501491158537882,7.288962586942774,-2.626449317333795,0.1610221110710972,3.442074941633968,0.654603513229076,3.442074941633968,0.654603513229076,True,True,10.86845482994315,1.5741832708343302,0.8156256243001732
crp,ampE,7.127940475871677,7.94356610017185,0.8156256243001732,5.407189197759647,7.289329036449403,-1.7207512781120302,0.1613885605777261,2.5363769024122034,0.654237063722447,2.5363769024122034,0.654237063722447,True,True,5.801302717191088,1.5737834736417493,0.8156256243001732
crp,ansB,6.244893390257357,5.955307844335855,-0.28958554592150243,6.1950195168814215,6.100902385559905,-0.04987387337593585,-0.14399100469745196,0.23971167254556658,0.14559454122405047,0.23971167254556658,0.14559454122405047,True,True,1.1807566596591654,1.1061864238853212,0.28958554592150243
crp,araC,7.256526359050657,8.622508072366687,1.36598171331603,5.957579599371878,7.02061406275374,-1.2989467596787785,-0.23591229629691668,2.6649284729948084,1.6018940096129466,2.6649284729948084,1.6018940096129466,True,True,6.34195865875571,3.0354154950744086,1.36598171331603
crp,araE,6.832570514474684,5.6751103853746985,-1.1574601290999853,5.898130231598656,6.966961809169796,-0.9344402828760279,0.1343912946951118,0.22301984622395743,1.291851423795097,0.22301984622395743,1.291851423795097,False,False,1.1671741577691366,2.448420620783762,1.1574601290999853
crp,araJ,7.512188243902044,7.384350168186934,-0.1278380757151103,5.472658092544244,6.7593789755888345,-2.0395301513578,-0.7528092683132099,1.9116920756426898,0.6249711925980996,1.9116920756426898,0.6249711925980996,True,True,3.762501287736637,1.5421800312052496,0.1278380757151103
crp,argG,7.681839216901441,7.775675365172952,0.0938361482715111,5.388066402718955,6.869333348806235,-2.2937728141824856,-0.8125058680952062,2.3876089624539967,0.9063420163667173,2.3876089624539967,0.9063420163667173,True,True,5.232893735670809,1.8742871739930724,0.0938361482715111
crp,cyaA,9.127830978754409,9.193773856653973,0.06594287789956432,4.027691755510767,9.158810967917567,-5.100139223243642,0.030979989163158805,5.166082101143206,0.03496288873640552,5.166082101143206,0.03496288873640552,True,True,35.90423456333526,1.024530468114946,0.06594287789956432
crp,fis,8.845483257002318,9.20766041161712,0.3621771546148018,6.73528698854477,8.186479693415732,-2.110196268457548,-0.6590035635865856,2.4723734230723498,1.0211807182013874,2.4723734230723498,1.0211807182013874,True,True,5.549560122965178,2.029579311094793,0.3621771546148018
crp,Fis,8.845483257002318,9.20766041161712,0.3621771546148018,6.331579639212598,8.048333249317404,-2.51390361778972,-0.7971500076849143,2.8760807724045216,1.159327162299716,2.8760807724045216,1.159327162299716,True,True,7.341530078436791,2.2335323683054376,0.3621771546148018
crp,galE,7.786340596689382,7.938353581345879,0.15201298465649682,6.291674812319229,7.210985192589382,-1.4946657843701532,-0.5753554041000006,1.64667876902665,0.7273683887564975,1.64667876902665,0.7273683887564975,True,True,3.1311199311642905,1.6556163358900249,0.15201298465649682
crp,galT,7.786340596689382,7.938353581345879,0.15201298465649682,6.176948688051946,7.157101142725312,-1.609391908637436,-0.62923945396407,1.7614048932939328,0.7812524386205668,1.7614048932939328,0.7812524386205668,True,True,3.3902810908548595,1.71862220314661,0.15201298465649682
crp,galK,7.786340596689382,7.938353581345879,0.15201298465649682,5.448563255912999,7.030752278098508,-2.337777340776383,-0.755588318590874,2.48979032543288,0.9076013032473709,2.48979032543288,0.9076013032473709,True,True,5.616963100413283,1.8759238994169258,0.15201298465649682
crp,galM,7.786340596689382,7.938353581345879,0.15201298465649682,6.172083768393443,7.143560410470232,-1.6142568282959395,-0.6427801862191505,1.7662698129524363,0.7947931708756473,1.7662698129524363,0.7947931708756473,True,True,3.4017327731301816,1.7348286461938158,0.15201298465649682
crp,lacZ,7.04311566421072,7.130216012387867,0.08710034817714618,6.64907918675221,6.8580603655911485,-0.3940364774585108,-0.18505529861957193,0.48113682563565696,0.2721556467967181,0.48113682563565696,0.2721556467967181,True,True,1.3958431400319378,1.2076108689320328,0.08710034817714618
crp,lacY,7.04311566421072,7.130216012387867,0.08710034817714618,6.006058279208509,6.607230309325635,-1.0370573850022113,-0.4358853548850856,1.1241577331793575,0.5229857030622318,1.1241577331793575,0.5229857030622318,True,True,2.179742527681898,1.4369259367068798,0.08710034817714618
crp,lacA,7.04311566421072,7.130216012387867,0.08710034817714618,5.564961188642444,6.482697745440616,-1.4781544755682763,-0.5604179187701046,1.5652548237454225,0.6475182669472508,1.5652548237454225,0.6475182669472508,True,True,2.9592976741534307,1.5664712231665616,0.08710034817714618
crp,malE,6.850605057651473,5.851807105507966,-0.9987979521435069,6.258291221950878,5.976203194780634,-0.5923138357005948,-0.8744018628708385,0.40648411644291205,0.12439608927266832,0.40648411644291205,0.12439608927266832,True,True,1.3254517162386044,1.0900513427281404,0.9987979521435069
crp,malF,6.850605057651473,5.851807105507966,-0.9987979521435069,6.85001215379833,6.060756884177705,-0.0005929038531427011,-0.7898481734737679,0.9982050482903642,0.20894977866973896,0.9982050482903642,0.20894977866973896,True,True,1.9975132158730118,1.1558464699448325,0.9987979521435069
crp,malG,6.850605057651473,5.851807105507966,-0.9987979521435069,6.077969690315299,5.965015011381674,-0.7726353673361741,-0.8855900462697992,0.22616258480733276,0.11320790587370766,0.22616258480733276,0.11320790587370766,True,True,1.1697194783958889,1.0816306253609604,0.9987979521435069
crp,aroA,9.587233239631217,9.892887749178266,0.30565450954704865,5.795080624118389,9.696963315036097,-3.792152615512828,0.10973007540487956,4.097807125059877,0.1959244341421691,4.097807125059877,0.1959244341421691,True,True,17.122329925171684,1.1454578993152968,0.30565450954704865
crp,zraS,6.478111316111304,6.5318845931736025,0.053773277062298064,5.292633945590145,5.795821111207008,-1.1854773705211592,-0.6822902049042963,1.2392506475834573,0.7360634819665943,1.2392506475834573,0.7360634819665943,True,True,2.360758799047515,1.6656248315490374,0.053773277062298064
lacI,aldA,8.528392370486346,8.300667412880685,-0.2277249576056608,4.234464046980923,8.445765779764477,-4.293928323505423,-0.08262659072186906,4.066203365899762,0.14509836688379174,4.066203365899762,0.14509836688379174,True,True,16.751325653916233,1.1058060476230887,0.2277249576056608
lacI,ampD,7.241577170087178,7.6868731541941635,0.4452959841069859,4.507094509000259,7.288962586942774,-2.7344826610869184,0.047385416855596496,3.1797786451939043,0.3979105672513894,3.1797786451939043,0.3979105672513894,True,True,9.061680628812804,1.317598271209817,0.4452959841069859
lacI,ampE,7.241577170087178,7.6868731541941635,0.4452959841069859,5.412903195798854,7.289329036449403,-1.828673974288324,0.04775186636222539,2.27396995839531,0.3975441177447605,2.27396995839531,0.3975441177447605,True,True,4.836521990160965,1.3172636392139505,0.4452959841069859
lacI,ansB,6.0263368195068026,6.449003392204832,0.4226665726980299,6.198630885389717,6.078705725727998,0.17229406588291418,0.05236890622119539,0.2503725068151157,0.3702976664768345,0.2503725068151157,0.3702976664768345,False,False,1.1895142103606875,1.2926195050154206,0.4226665726980299
lacI,araB,5.71934241545828,6.939735384186598,1.2203929687283175,6.174320407735678,6.003586740865067,0.45497799227739755,0.284244325406787,0.7654149764509199,0.9361486433215305,0.7654149764509199,0.9361486433215305,False,False,1.6998588749573937,1.913413448267048,1.2203929687283175
lacI,araA,5.71934241545828,6.939735384186598,1.2203929687283175,6.72472131218617,6.002526352256112,1.0053788967278896,0.2831839367978315,0.21501407200042788,0.937209031930486,0.21501407200042788,0.937209031930486,False,False,1.1607152359071018,1.9148203344064472,1.2203929687283175
lacI,araD,5.71934241545828,6.939735384186598,1.2203929687283175,6.170065875927954,6.003627970829561,0.45072346046967393,0.2842855553712802,0.7696695082586436,0.9361074133570373,0.7696695082586436,0.9361074133570373,False,False,1.70487918606577,1.9133587666891456,1.2203929687283175
lacI,araC,7.6150158481822725,7.812719265128767,0.19770341694649485,5.960040845412758,7.671380660677965,-1.6549750027695147,0.05636481249569236,1.8526784197160096,0.14133860445080249,1.8526784197160096,0.14133860445080249,True,True,3.6117008938361,1.102927992894029,0.19770341694649485
lacI,araE,6.556510923820333,6.298699007691322,-0.2578119161290111,5.9013201836152245,6.5264286530643325,-0.6551907402051089,-0.030082270756000895,0.3973788240760978,0.22772964537301021,0.3973788240760978,0.22772964537301021,True,True,1.3171127252227401,1.170990722209185,0.2578119161290111
lacI,araJ,7.290500851878427,7.885117901158267,0.5946170492798402,5.4740276330303645,7.428927115276051,-1.8164732188480626,0.13842626339762365,2.4110902681279027,0.4561907858822165,2.4110902681279027,0.4561907858822165,True,True,5.318761212409289,1.3719147022944067,0.5946170492798402
lacI,argG,7.693848249091073,7.748548266198639,0.05470001710756556,5.393044639162869,7.673803219208341,-2.300803609928204,-0.02004502988273238,2.3555036270357697,0.07474504699029794,2.3555036270357697,0.07474504699029794,True,True,5.117728549200413,1.0531749024820884,0.05470001710756556
lacI,aspA,6.494885673794196,6.78297508417153,0.28808941037733415,5.658715601054791,6.537548787418371,-0.8361700727394048,0.042663113624175075,1.124259483116739,0.24542629675315908,1.124259483116739,0.24542629675315908,True,True,2.1798962652915224,1.1854430014709154,0.28808941037733415
lacI,dcuB,6.494885673794196,6.78297508417153,0.28808941037733415,4.710417519184994,6.537685058053966,-1.7844681546092014,0.04279938425977026,2.0725575649865355,0.2452900261175639,2.0725575649865355,0.2452900261175639,True,True,4.20631695691469,1.185331035020831,0.28808941037733415
lacI,crp,9.370937880979668,9.21729813976623,-0.15363974121343738,4.729847462492437,9.343328505651737,-4.641090418487231,-0.027609375327930508,4.487450677273793,0.12603036588550687,4.487450677273793,0.12603036588550687,True,True,22.431445353269257,1.0912868462492193,0.15363974121343738
lacI,cyaA,9.198861395500352,9.033323862447329,-0.16553753305302266,4.032380299854479,9.158810967917567,-5.166481095645873,-0.04005042758278421,5.00094356259285,0.12548710547023845,5.00094356259285,0.12548710547023845,True,True,32.020935733558396,1.0908759892626088,0.16553753305302266
lacI,fis,8.933541293310242,9.008746874815133,0.07520558150489087,6.738132948902524,8.958063351506869,-2.195408344407718,0.024522058196627228,2.270613925912609,0.050683523308263645,2.270613925912609,0.050683523308263645,True,True,4.82528423028227,1.0357555302015675,0.07520558150489087
lacI,Fis,8.933541293310242,9.008746874815133,0.07520558150489087,6.334539038952987,8.958123636704773,-2.599002254357255,0.024582343394531136,2.6742078358621457,0.050623238110359736,2.6742078358621457,0.050623238110359736,True,True,6.38288137550628,1.0357122504918737,0.07520558150489087
lacI,galE,7.700841859922407,8.131485938544389,0.43064407862198184,6.293411014969645,7.756072349861526,-1.4074308449527617,0.05523048993911939,1.8380749235747436,0.37541358868286245,1.8380749235747436,0.37541358868286245,True,True,3.575326322258654,1.2972113830946048,0.43064407862198184
lacI,galT,7.700841859922407,8.131485938544389,0.43064407862198184,6.180860714439754,7.756629486881971,-1.519981145482653,0.05578762695956474,1.950625224104635,0.3748564516624171,1.950625224104635,0.3748564516624171,True,True,3.8654201188718513,1.296710525371929,0.43064407862198184
lacI,galK,7.700841859922407,8.131485938544389,0.43064407862198184,5.452105361119149,7.756667090638524,-2.2487364988032574,0.05582523071611778,2.6793805774252393,0.37481884790586406,2.6793805774252393,0.37481884790586406,True,True,6.405808090020343,1.296676727133174,0.43064407862198184
lacI,galM,7.700841859922407,8.131485938544389,0.43064407862198184,6.176607778777628,7.756620433605406,-1.5242340811447788,0.05577857368299899,1.9548781597667606,0.37486550493898285,1.9548781597667606,0.37486550493898285,True,True,3.876831843004563,1.2967186625842388,0.43064407862198184
lacI,lacZ,5.9542003131183066,9.5899574834145,3.635757170296193,6.652104151792717,7.036155516780802,0.6979038386744101,1.0819552036624955,2.937853331621783,2.5538019666336975,2.937853331621783,2.5538019666336975,True,True,7.6627026945786225,5.87179648921621,3.635757170296193
lacI,lacY,5.9542003131183066,9.5899574834145,3.635757170296193,6.007849258411191,7.036246700102151,0.053648945292884775,1.0820463869838441,3.5821082250033083,2.553710783312349,3.5821082250033083,2.553710783312349,True,True,11.976282271710058,5.871425383077024,3.635757170296193
lacI,lacA,5.9542003131183066,9.5899574834145,3.635757170296193,5.568585747791957,7.036314679744711,-0.38561456532634963,1.0821143666264046,4.021371735622543,2.5536428036697885,4.021371735622543,2.5536428036697885,True,True,16.238784413234658,5.871148728632362,3.635757170296193
lacI,malE,6.143283362121294,7.449569967522019,1.3062866054007252,6.2615342120730135,6.511055733955752,0.11825084995171942,0.3677723718344579,1.1880357554490057,0.9385142335662673,1.1880357554490057,0.9385142335662673,True,True,2.2784232217041134,1.9165534501544352,1.3062866054007252
lacI,malF,6.143283362121294,7.449569967522019,1.3062866054007252,6.850754713971012,6.512333744358219,0.7074713518497182,0.3690503822369253,0.598815253551007,0.9372362231637998,0.598815253551007,0.9372362231637998,False,False,1.5144723654583985,1.914856424373942,1.3062866054007252
lacI,malG,6.143283362121294,7.449569967522019,1.3062866054007252,6.080879337236819,6.511158838430297,-0.06240402488447483,0.36787547630900264,1.3686906302852,0.9384111290917225,1.3686906302852,0.9384111290917225,True,True,2.5823608829984717,1.9164164855362047,1.3062866054007252
lacI,malK,6.289756218301495,6.725606404881724,0.4358501865802289,6.297337591940012,6.315458263340552,0.007581373638517519,0.02570204503905682,0.4282688129417114,0.4101481415411721,0.4282688129417114,0.4101481415411721,True,True,1.3456179100225671,1.328822255731659,0.4358501865802289
lacI,agp,6.248571604569942,6.315803915167352,0.06723231059741064,4.479535772221923,6.119035888216643,-1.7690358323480186,-0.12953571635329908,1.8362681429454293,0.19676802695070972,1.8362681429454293,0.19676802695070972,True,True,3.5708515117025303,1.1461278833301172,0.06723231059741064
lacI,aroA,9.754829216277484,9.514306646689018,-0.24052256958846563,5.8008893686395675,9.696963315036097,-3.9539398476379164,-0.05786590124138691,3.7134172780494508,0.18265666834707872,3.7134172780494508,0.18265666834707872,True,True,13.117467205554231,1.1349719700931573,0.24052256958846563
lacI,zraS,6.306725494641218,6.919026543365615,0.6123010487243974,5.297619084850482,6.3239192913483935,-1.0091064097907356,0.01719379670717558,1.621407458515133,0.5951072520172218,1.621407458515133,0.5951072520172218,True,True,3.076750502551223,1.5105848804338962,0.6123010487243974
galR,aldA,8.46468630707073,8.444572488681148,-0.02011381838958215,4.234464046980938,8.445765779764477,-4.230222260089792,-0.018920527306253376,4.21010844170021,0.0011932910833287735,4.21010844170021,0.0011932910833287735,True,True,18.508402093839518,1.000827468513327,0.02011381838958215
galR,ampD,7.463799375253347,7.184897336439505,-0.27890203881384235,4.507094509000274,7.288962586942774,-2.956704866253073,-0.17483678831057325,2.6778028274392307,0.10406525050326909,2.6778028274392307,0.10406525050326909,True,True,6.398806444552418,1.074797782927854,0.27890203881384235
galR,ampE,7.463799375253347,7.184897336439505,-0.27890203881384235,5.412903195798869,7.289329036449403,-2.0508961794544787,-0.17447033880394436,1.7719941406406363,0.10443170000989799,1.7719941406406363,0.10443170000989799,True,True,3.4152569868174725,1.075070819939237,0.27890203881384235
galR,ansB,6.018160441839945,6.467472941017571,0.4493124991776263,6.198630885389732,6.078705725727998,0.1804704435497868,0.060545283888052914,0.26884205562783947,0.38876721528957336,0.26884205562783947,0.38876721528957336,False,False,1.2048404034176108,1.3092741493319606,0.4493124991776263
galR,araB,6.043013261196514,6.208598109442611,0.16558484824609643,6.174320407735692,6.003586740865067,0.13130714653917774,-0.039426520331447,0.034277701706918684,0.20501136857754343,0.034277701706918684,0.20501136857754343,False,False,1.0240439977983462,1.1526954301154195,0.16558484824609643
galR,araA,6.043013261196514,6.208598109442611,0.16558484824609643,6.724721312186185,6.002526352256112,0.6817080509896707,-0.04048690894040252,0.5161232027435743,0.20607175718649895,0.5161232027435743,0.20607175718649895,True,True,1.4301071089110902,1.153542978890122,0.16558484824609643
galR,araD,6.043013261196514,6.208598109442611,0.16558484824609643,6.1700658759279685,6.003627970829561,0.12705261473145413,-0.03938529036695382,0.0385322335146423,0.20497013861305025,0.0385322335146423,0.20497013861305025,False,False,1.027068377959165,1.1526624883562735,0.16558484824609643
galR,araC,7.654397744973455,7.723759838991756,0.06936209401830151,5.960040845412773,7.671380660677965,-1.694356899560682,0.01698291570451005,1.7637189935789834,0.052379178313791463,1.7637189935789834,0.052379178313791463,True,True,3.395723506389976,1.0369736092259498,0.06936209401830151
galR,araE,6.540879854637507,6.334007894710788,-0.20687195992671903,5.90132018361524,6.5264286530643325,-0.6395596710222673,-0.014451201573174366,0.43268771109554827,0.19242075835354466,0.43268771109554827,0.19242075835354466,True,True,1.3497457845923102,1.1426794578249615,0.20687195992671903
galR,araJ,7.4722545321333955,7.47455608440515,0.002301552271754659,5.474027633030379,7.428927115276051,-1.9982268991030168,-0.04332741685734476,2.0005284513747714,0.04562896912909942,2.0005284513747714,0.04562896912909942,True,True,4.00146544669815,1.0321330583971817,0.002301552271754659
galR,argG,7.726480698731776,7.674835107869207,-0.05164559086256926,5.393044639162885,7.673803219208341,-2.333436059568891,-0.05267747952343527,2.2817904687063217,0.0010318886608660094,2.2817904687063217,0.0010318886608660094,True,True,4.862810826126135,1.0007155065687203,0.05164559086256926
galR,cyaA,9.232055200966531,8.95834266229762,-0.2737125386689119,4.032380299854494,9.158810967917567,-5.199674901112037,-0.07324423304896399,4.9259623624431255,0.20046830561994788,4.9259623624431255,0.20046830561994788,True,True,30.3992191756823,1.149071288429748,0.2737125386689119
galR,fis,8.930418760720483,9.015800336682444,0.08538157596196072,6.738132948902539,8.958063351506869,-2.1922858118179445,0.027644590786385592,2.277667387779905,0.05773698517557513,2.277667387779905,0.05773698517557513,True,True,4.848933229583091,1.0408318284340923,0.08538157596196072
galR,Fis,8.930418760720483,9.015800336682444,0.08538157596196072,6.334539038953002,8.958123636704773,-2.5958797217674814,0.0277048759842895,2.681261297729442,0.05767669997767122,2.681261297729442,0.05767669997767122,True,True,6.414164249215409,1.0407883366080182,0.08538157596196072
galR,galE,7.125582296914285,9.430934791309848,2.3053524943955637,6.290289906755103,7.599355321096638,-0.8352923901591822,0.47377302418235345,3.140644884554746,1.8315794702132102,3.140644884554746,1.8315794702132102,True,True,8.819182219735023,3.5592652949773815,2.3053524943955637
galR,galT,7.125582296914285,9.430934791309848,2.3053524943955637,6.1794327057578275,7.625408989086743,-0.9461495911564572,0.49982669217245856,3.251502085552021,1.805525802223105,3.251502085552021,1.805525802223105,True,True,9.523567377940767,3.495565339437923,2.3053524943955637
galR,galK,7.125582296914285,9.430934791309848,2.3053524943955637,5.450358993299215,7.476679041886863,-1.6752233036150699,0.3510967449725779,3.9805757980106335,1.9542557494229857,3.9805757980106335,1.9542557494229857,True,True,15.786022417872603,3.875159653289979,2.3053524943955637
galR,galM,7.125582296914285,9.430934791309848,2.3053524943955637,6.175963792604088,7.628473668564926,-0.9496185043101972,0.5028913716506409,3.254970998705761,1.8024611227449228,3.254970998705761,1.8024611227449228,True,True,9.54649403712341,3.4881476824402085,2.3053524943955637
galR,lacZ,7.109718441381575,6.9797675749327945,-0.1299508664487803,6.652258290947214,7.036155516780802,-0.45746015043436117,-0.07356292460077274,0.3275092839855809,0.05638794184800755,0.3275092839855809,0.05638794184800755,True,True,1.254845097654114,1.0398590165032924,0.1299508664487803
galR,lacY,7.109718441381575,6.9797675749327945,-0.1299508664487803,6.00803510114122,7.036246700102151,-1.1016833402403545,-0.07347174127942413,0.9717324737915742,0.05647912516935616,0.9717324737915742,0.05647912516935616,True,True,1.9611943001182595,1.039924741270233,0.1299508664487803
galR,lacA,7.109718441381575,6.9797675749327945,-0.1299508664487803,5.568676491304303,7.036314679744711,-1.5410419500772718,-0.07340376163686368,1.4110910836284916,0.056547104811916604,1.4110910836284916,0.056547104811916604,True,True,2.659382109451694,1.0399737435720113,0.1299508664487803
galR,malE,6.70769940374348,6.174615451454258,-0.5330839522892221,6.261534212073029,6.511055733955752,-0.44616519167045166,-0.1966436697877283,0.08691876061877046,0.3364402825014938,0.08691876061877046,0.3364402825014938,False,False,1.062099377094792,1.2626373056985325,0.5330839522892221
galR,malF,6.70769940374348,6.174615451454258,-0.5330839522892221,6.850754713971027,6.512333744358219,0.14305531022754714,-0.19536565938526085,0.6761392625167693,0.33771829290396127,0.6761392625167693,0.33771829290396127,True,True,1.5978580657678705,1.263756307641398,0.5330839522892221
galR,malG,6.70769940374348,6.174615451454258,-0.5330839522892221,6.080879337236834,6.511158838430297,-0.6268200665066459,-0.19654056531318354,0.09373611421742378,0.3365433869760386,0.09373611421742378,0.3365433869760386,False,False,1.067130129616169,1.2627275452878097,0.5330839522892221
galR,malK,6.293437550140078,6.717290676223028,0.42385312608294967,6.297337591940027,6.315458263340552,0.003900041799949072,0.022020713200473274,0.4199530842830006,0.4018324128824764,0.4199530842830006,0.4018324128824764,True,True,1.337884046762492,1.3211849245500442,0.42385312608294967
galR,aroA,9.662368295125075,9.723165821995662,0.06079752687058715,5.800889368639583,9.696963315036097,-3.8614789264854927,0.03459501991102165,3.92227645335608,0.026202506959565497,3.92227645335608,0.026202506959565497,True,True,15.16082601216439,1.018328129528037,0.06079752687058715
galR,zraS,6.535493925579182,6.40226351281849,-0.13323041276069159,5.297619084850497,6.3239192913483935,-1.2378748407286846,-0.21157463423078848,1.104644427967993,0.0783442214700969,1.104644427967993,0.0783442214700969,True,True,2.150458705475313,1.0558055987298596,0.13323041276069159
ihfB,aldA,8.297760594919492,8.821639536498171,0.5238789415786798,4.234464046980889,8.445765779764477,-4.063296547938602,0.14800518484498504,4.587175489517282,0.3758737567336947,4.587175489517282,0.3758737567336947,True,True,24.036842496296387,1.2976252130637658,0.5238789415786798
ihfB,ampD,7.320250919754514,7.509157701341215,0.18890678158670138,4.507094509000224,7.288962586942774,-2.8131564107542903,-0.03128833281173993,3.0020631923409917,0.2201951143984413,3.0020631923409917,0.2201951143984413,True,True,8.011448952231765,1.1648911191796183,0.18890678158670138
ihfB,ampE,7.320250919754514,7.509157701341215,0.18890678158670138,5.412903195798818,7.289329036449403,-1.907347723955696,-0.03092188330511103,2.0962545055423973,0.2198286648918124,2.0962545055423973,0.2198286648918124,True,True,4.275978222772278,1.164595270400293,0.18890678158670138
ihfB,ansB,6.34688279567961,5.724924858302286,-0.6219579373773243,6.198630885389682,6.078705725727998,-0.148251910289928,-0.26817706995161217,0.4737060270873963,0.35378086742571213,0.4737060270873963,0.35378086742571213,True,True,1.3886721420779393,1.2779052459943019,0.6219579373773243
ihfB,araB,6.269399985473476,5.697215095478053,-0.5721848899954232,6.174320407735644,6.003586740865067,-0.09507957773783193,-0.2658132446084087,0.47710531225759123,0.30637164538701445,0.47710531225759123,0.30637164538701445,True,True,1.3919479960035748,1.236593772573747,0.5721848899954232
ihfB,araA,6.269399985473476,5.697215095478053,-0.5721848899954232,6.724721312186137,6.002526352256112,0.455321326712661,-0.26687363321736424,1.0275062167080842,0.3053112567780589,1.0275062167080842,0.3053112567780589,True,True,2.0384975412481015,1.235685203447213,0.5721848899954232
ihfB,araD,6.269399985473476,5.697215095478053,-0.5721848899954232,6.170065875927921,6.003627970829561,-0.09933410954555466,-0.26577201464391553,0.4728507804498685,0.30641287535150763,0.4728507804498685,0.30641287535150763,True,True,1.3878491648114697,1.2366291129918043,0.5721848899954232
ihfB,araC,7.70078852832796,7.618968099600799,-0.08182042872716089,5.960040845412725,7.671380660677965,-1.7407476829152353,-0.029407867649995367,1.6589272541880744,0.05241256107716552,1.6589272541880744,0.05241256107716552,True,True,3.157816314464899,1.0369976042104398,0.08182042872716089
ihfB,araJ,7.336603265637111,7.780977557353857,0.4443742917167466,5.474027633030332,7.428927115276051,-1.862575632606779,0.09232384963894003,2.3069499243235256,0.35205044207780656,2.3069499243235256,0.35205044207780656,True,True,4.948358155176849,1.2763733948924996,0.4443742917167466
ihfB,argG,7.866191064367256,7.3592445709729,-0.5069464933943557,5.393044639162834,7.673803219208341,-2.4731464252044217,-0.19238784515891538,1.966199931810066,0.31455864823544033,1.966199931810066,0.31455864823544033,True,True,3.9073755709174205,1.2436311413062209,0.5069464933943557
ihfB,crp,9.263316694994296,9.46040270621735,0.19708601122305325,4.729847462492404,9.343328505651737,-4.533469232501893,0.08001181065744056,4.730555243724946,0.11707420056561268,4.730555243724946,0.11707420056561268,True,True,26.548441082419053,1.08453318702502,0.19708601122305325
ihfB,galE,7.9817845779559855,7.496866862013904,-0.4849177159420819,6.29341101496961,7.756072349861526,-1.6883735629863752,-0.22571222809445946,1.2034558470442933,0.25920548784762243,1.2034558470442933,0.25920548784762243,True,True,2.302906514994606,1.1968194180570124,0.4849177159420819
ihfB,galT,7.9817845779559855,7.496866862013904,-0.4849177159420819,6.180860714439719,7.756629486881971,-1.8009238635162665,-0.2251550910740141,1.3160061475741847,0.2597626248680678,1.3160061475741847,0.2597626248680678,True,True,2.4897590800376808,1.1972816925866423,0.4849177159420819
ihfB,galK,7.9817845779559855,7.496866862013904,-0.4849177159420819,5.452105361119115,7.756667090638524,-2.529679216836871,-0.22511748731746106,2.044761500894789,0.2598002286246208,2.044761500894789,0.2598002286246208,True,True,4.126050562845878,1.197312900066237,0.4849177159420819
ihfB,galM,7.9817845779559855,7.496866862013904,-0.4849177159420819,6.176607778777592,7.756620433605406,-1.8051767991783931,-0.22516414435057985,1.3202590832363112,0.25975357159150203,1.3202590832363112,0.25975357159150203,True,True,2.497109495491772,1.1972741793645314,0.4849177159420819
ihfB,lacZ,6.959896884475815,7.318198194360804,0.35830130988498876,6.652258290947166,7.036155516780802,-0.3076385935286492,0.0762586323049872,0.665939903413638,0.28204267758000157,0.665939903413638,0.28204267758000157,True,True,1.5866015938797404,1.215915251666685,0.35830130988498876
ihfB,lacY,6.959896884475815,7.318198194360804,0.35830130988498876,6.008035101141173,7.036246700102151,-0.9518617833346417,0.0763498156263358,1.3101630932196304,0.28195149425865296,1.3101630932196304,0.28195149425865296,True,True,2.4796957076953756,1.2158384040416945,0.35830130988498876
ihfB,lacA,6.959896884475815,7.318198194360804,0.35830130988498876,5.568676491304254,7.036314679744711,-1.3912203931715608,0.07641779526889625,1.7495217030565495,0.2818835146160925,1.7495217030565495,0.2818835146160925,True,True,3.3624707156917615,1.2157811152103593,0.35830130988498876
ihfB,malE,6.949084751472226,5.629352176663498,-1.3197325748087279,6.261534212072981,6.511055733955752,-0.6875505393992452,-0.43802901751647383,0.6321820354094827,0.881703557292254,0.6321820354094827,0.881703557292254,False,False,1.549907412761441,1.8425497292770705,1.3197325748087279
ihfB,malF,6.949084751472226,5.629352176663498,-1.3197325748087279,6.85075471397098,6.512333744358219,-0.09833003750124547,-0.4367510071140064,1.2214025373074824,0.8829815676947215,1.2214025373074824,0.8829815676947215,True,True,2.3317329000309286,1.844182673842847,1.3197325748087279
ihfB,malG,6.949084751472226,5.629352176663498,-1.3197325748087279,6.080879337236786,6.511158838430297,-0.8682054142354394,-0.43792591304192907,0.45152716057328846,0.8818066617667988,0.45152716057328846,0.8818066617667988,False,False,1.3674870402415014,1.8426814147025226,1.3197325748087279
ihfB,aroA,9.734678465589152,9.55982500318081,-0.17485346240834154,5.800889368639532,9.696963315036097,-3.93378909694962,-0.037715150553054855,3.7589356345412783,0.1371383118552867,3.7589356345412783,0.1371383118552867,True,True,13.537933540796843,1.0997215750879163,0.17485346240834154
ihfB,zraS,6.51253313369861,6.454129447061767,-0.0584036866368427,5.297619084850448,6.3239192913483935,-1.2149140488481622,-0.1886138423502164,1.1565103622113195,0.1302101557133737,1.1565103622113195,0.1302101557133737,True,True,2.229175746752244,1.094453117365742,0.0584036866368427
ihfA,ampD,7.318273098081171,7.513625385617441,0.1953522875362701,4.507094509000225,7.288962586942774,-2.8111785890809466,-0.02931051113839711,3.0065308766172167,0.2246627986746672,3.0065308766172167,0.2246627986746672,True,True,8.036296963338403,1.1685041020045717,0.1953522875362701
ihfA,ampE,7.318273098081171,7.513625385617441,0.1953522875362701,5.412903195798818,7.289329036449403,-1.9053699022823531,-0.028944061631768214,2.1007221898186232,0.2242963491680383,2.1007221898186232,0.2242963491680383,True,True,4.289240437261158,1.1682073356317129,0.1953522875362701
ihfA,ansB,6.0896361980562865,6.306016973331977,0.21638077527569077,6.198630885389682,6.078705725727998,0.10899468733339557,-0.010930472328288587,0.1073860879422952,0.22731124760397936,0.1073860879422952,0.22731124760397936,False,False,1.0772746332992922,1.1706511709841005,0.21638077527569077
ihfA,araB,5.849353170893918,6.646055212900813,0.7967020420068947,6.174320407735644,6.003586740865067,0.3249672368417258,0.154233569971149,0.47173480516516886,0.6424684720357456,0.47173480516516886,0.6424684720357456,False,False,1.3867760298455252,1.56099776536288,0.7967020420068947
ihfA,araA,5.849353170893918,6.646055212900813,0.7967020420068947,6.724721312186137,6.002526352256112,0.8753681412922187,0.1531731813621935,0.07866609928532409,0.6435288606447012,0.07866609928532409,0.6435288606447012,False,False,1.0560411844241924,1.5621455288646526,0.7967020420068947
ihfA,araD,5.849353170893918,6.646055212900813,0.7967020420068947,6.170065875927921,6.003627970829561,0.32071270503400306,0.1542747999356422,0.4759893369728916,0.6424272420712525,0.4759893369728916,0.6424272420712525,False,False,1.3908716916737085,1.560953155129274,0.7967020420068947
ihfA,araC,7.813416221392927,7.364554377597492,-0.44886184379543526,5.960040845412725,7.671380660677965,-1.8533753759802023,-0.14203556071496237,1.404513532184767,0.3068262830804729,1.404513532184767,0.3068262830804729,True,True,2.64728502219426,1.2369835228102783,0.44886184379543526
ihfA,araE,6.5546330888034445,6.302940832973842,-0.2516922558296022,5.901320183615191,6.5264286530643325,-0.6533129051882538,-0.02820443573911202,0.4016206493586516,0.22348782009049017,0.4016206493586516,0.22348782009049017,True,True,1.3209910109127903,1.1675528210247166,0.2516922558296022
ihfA,argG,7.8772495773841005,7.334264591539117,-0.5429849858449831,5.393044639162835,7.673803219208341,-2.484204938221265,-0.20344635817575973,1.941219952376282,0.3395386276692234,1.941219952376282,0.3395386276692234,True,True,3.8403024896223448,1.2653518710839733,0.5429849858449831
ihfA,crp,9.30339216324764,9.369876577501593,0.0664844142539529,4.729847462492403,9.343328505651737,-4.573544700755237,0.03993634240409705,4.64002911500919,0.02654807184985586,4.64002911500919,0.02654807184985586,True,True,24.933769732129768,1.0185720761601376,0.0664844142539529
ihfA,fis,9.153018355947912,8.512972035781594,-0.6400463201663182,6.73813294890249,8.958063351506869,-2.414885407045422,-0.1949550044410433,1.774839086879104,0.44509131572527494,1.774839086879104,0.44509131572527494,True,True,3.4219984038010707,1.361400283926775,0.6400463201663182
ihfA,Fis,9.153018355947912,8.512972035781594,-0.6400463201663182,6.334539038952954,8.958123636704773,-2.8184793169949582,-0.1948947192431394,2.17843299682864,0.44515160092317885,2.17843299682864,0.44515160092317885,True,True,4.526616223259522,1.361457173288697,0.6400463201663182
ihfA,lacZ,7.170453053707159,6.84257468430627,-0.32787836940088866,6.652258290947165,7.036155516780802,-0.5181947627599941,-0.13429753692635682,0.19031639335910544,0.19358083247453184,0.19031639335910544,0.19358083247453184,False,False,1.1410139209595527,1.143598658299704,0.32787836940088866
ihfA,lacY,7.170453053707159,6.84257468430627,-0.32787836940088866,6.008035101141172,7.036246700102151,-1.1624179525659866,-0.1342063536050082,0.8345395831650979,0.19367201579588045,0.8345395831650979,0.19367201579588045,True,True,1.7832878355462756,1.1436709399783715,0.32787836940088866
ihfA,lacA,7.170453053707159,6.84257468430627,-0.32787836940088866,5.568676491304254,7.036314679744711,-1.6017765624029048,-0.13413837396244777,1.2738981930020161,0.1937399954384409,1.2738981930020161,0.1937399954384409,True,True,2.4181407041457517,1.1437248309055816,0.32787836940088866
ihfA,malE,6.377822181505683,6.919772256408251,0.5419500749025685,6.261534212072981,6.511055733955752,-0.11628796943270192,0.1332335524500694,0.6582380443352704,0.4087165224524991,0.6582380443352704,0.4087165224524991,True,True,1.578154055263663,1.3275042892288025,0.5419500749025685
ihfA,malF,6.377822181505683,6.919772256408251,0.5419500749025685,6.85075471397098,6.512333744358219,0.47293253246529776,0.13451156285253685,0.06901754243727076,0.4074385120500317,0.06901754243727076,0.4074385120500317,False,False,1.0490020828287134,1.3263288411856733,0.5419500749025685
ihfA,malG,6.377822181505683,6.919772256408251,0.5419500749025685,6.080879337236786,6.511158838430297,-0.29694284426889617,0.13333665692461416,0.8388929191714647,0.40861341797795436,0.8388929191714647,0.40861341797795436,True,True,1.7886770380659054,1.327409420432861,0.5419500749025685
ihfA,aroA,9.71750059866681,9.598627938239328,-0.11887266042748124,5.800889368639532,9.696963315036097,-3.9166112300272777,-0.02053728363071272,3.7977385695997965,0.09833537679676851,3.7977385695997965,0.09833537679676851,True,True,13.906992650505469,1.070537532525374,0.11887266042748124
ihfA,zraS,6.330885631696644,6.864451418677273,0.5335657869806294,5.297619084850448,6.3239192913483935,-1.0332665468461961,-0.006966340348250277,1.5668323338268255,0.5405321273288797,1.5668323338268255,0.5405321273288797,True,True,2.962535278077682,1.4545089031773264,0.5335657869806294
