formulation,test_case_id,ligand,target,protein,baseline_log2,ode_log2,scm_log2,baseline_fold,ode_fold,scm_fold
mass_action,0,Serum,AKT,AKT,1.8099998481185244,2.046908541728137,0.9217286629320769,3.5064225161212246,4.132195585847298,1.8943838185686412
mass_action,0,Serum,AKT,EGFR,0.037471749833383416,0.47798248283294065,0.037471749833383416,1.026313686908245,1.3927945692895836,1.026313686908245
mass_action,0,Serum,AKT,GSK3,0.0404249496442049,0.19387009849526693,0.21332432718368094,1.0284167049105133,1.1438279773101796,1.1593565534685728
mass_action,0,Serum,AKT,MAPK,0.2057976398143917,0.851358098516819,0.15326713555197258,1.15332382229586,1.804198530287385,1.11208505685461
mass_action,0,Serum,AKT,MEK,0.04797355785191293,0.32747310600348234,0.2929122059111946,1.0338117880613178,1.254813630716899,1.2251107764691977
mass_action,0,Serum,AKT,mTOR,0.032102462870857384,0.6010541060706631,0.09601013793626334,1.0225011479543855,1.5168244304877676,1.0688135018246725
mass_action,0,Serum,AKT,PDK1,0.1467982798621687,0.5178780924979317,0.1467982798621687,1.1071097756412007,1.4318477451818414,1.1071097756412007
mm,0,Serum,AKT,AKT,1.8099998481185244,0.9396076016896611,0.6740545877883106,3.5064225161212246,1.918006489530671,1.595550849926284
mm,0,Serum,AKT,EGFR,0.037471749833383416,0.6246536505254494,0.037471749833383416,1.026313686908245,1.5418406295018445,1.026313686908245
mm,0,Serum,AKT,GSK3,0.0404249496442049,0.05763408691543187,0.2401947188343973,1.0284167049105133,1.040757595167927,1.1811520693622268
mm,0,Serum,AKT,MAPK,0.2057976398143917,0.7821078623404483,0.15919165707754068,1.15332382229586,1.7196415357803123,1.116661296744704
mm,0,Serum,AKT,MEK,0.04797355785191293,0.31680294602671943,0.451771718734858,1.0338117880613178,1.2455672751471112,1.3677188691825326
mm,0,Serum,AKT,mTOR,0.032102462870857384,0.9627247804733787,0.1835205626370645,1.0225011479543855,1.9489874225879054,1.1356518015186468
mm,0,Serum,AKT,PDK1,0.1467982798621687,0.8234953493310992,0.1467982798621687,1.1071097756412007,1.7696883888560169,1.1071097756412007
hill,0,Serum,AKT,AKT,1.8099998481185244,1.219502049747421,0.5808704082453486,3.5064225161212246,2.328663289527195,1.4957513947246495
hill,0,Serum,AKT,EGFR,0.037471749833383416,0.5240300321185387,0.037471749833383416,1.026313686908245,1.4379664662207206,1.026313686908245
hill,0,Serum,AKT,GSK3,0.0404249496442049,0.3447243463254835,0.40216650492775236,1.0284167049105133,1.2699083197936483,1.3214909133233843
hill,0,Serum,AKT,MAPK,0.2057976398143917,0.9598412649735706,0.16455588455509873,1.15332382229586,1.9450958705007,1.1208209943309773
hill,0,Serum,AKT,MEK,0.04797355785191293,0.21228898169650723,0.34168503807400974,1.0338117880613178,1.1585248434144533,1.2672358352784845
hill,0,Serum,AKT,mTOR,0.032102462870857384,1.247008713512264,0.17489535457178695,1.0225011479543855,2.3734879305350964,1.1288825187001457
hill,0,Serum,AKT,PDK1,0.1467982798621687,1.2400618600987487,0.1467982798621687,1.1071097756412007,2.362086602598534,1.1071097756412007
mass_action,1,Serum,AKT,AKT,3.057754279085977,3.29466297269559,2.1694830938995295,8.326754441555465,9.812787189688558,4.498621829729287
mass_action,1,Serum,AKT,EGFR,0.004561769440512009,0.44507250244006924,0.004561769440512009,1.0031669819504396,1.3613825308714878,1.0031669819504396
mass_action,1,Serum,AKT,GSK3,0.20133946783875656,0.4356345159782284,0.028440090299280518,1.149765357347781,1.3525055517079583,1.0199087560131834
mass_action,1,Serum,AKT,MAPK,0.23443630452178432,0.8799967632242116,0.1819058002593652,1.1764469814161334,1.8403711722582685,1.1343814138948543
mass_action,1,Serum,AKT,MEK,0.32265733444394096,0.6021568825955104,0.018228429319166572,1.2506319976428202,1.5179843137557996,1.0127151430492443
mass_action,1,Serum,AKT,mTOR,0.45808711632220767,0.11086452687759807,0.3941794412568017,1.3737191821792711,1.079875151757445,1.3141950755181226
mass_action,1,Serum,AKT,PDK1,0.034202077587903806,0.40528189022366684,0.034202077587903806,1.0239903202065521,1.3243476512765961,1.0239903202065521
mm,1,Serum,AKT,AKT,3.057754279085977,2.1873620326571137,1.9218090187557633,8.326754441555465,4.554718942798272,3.788978671357575
mm,1,Serum,AKT,EGFR,0.004561769440512009,0.591743670132578,0.004561769440512009,1.0031669819504396,1.5070671186364217,1.0031669819504396
mm,1,Serum,AKT,GSK3,0.20133946783875656,0.29939850439839333,0.001569698648564155,1.149765357347781,1.230631225472402,1.0010886243143367
mm,1,Serum,AKT,MAPK,0.23443630452178432,0.8107465270478409,0.1878303217849333,1.1764469814161334,1.7541188821187628,1.1390494034922771
mm,1,Serum,AKT,MEK,0.32265733444394096,0.042119169434691406,0.17708794214282997,1.2506319976428202,1.0296251289727993,1.130599482805353
mm,1,Serum,AKT,mTOR,0.45808711632220767,0.4725352012803137,0.30666901655600054,1.3737191821792711,1.3875456159838262,1.2368486880106457
mm,1,Serum,AKT,PDK1,0.034202077587903806,0.7108991470568344,0.034202077587903806,1.0239903202065521,1.6368239354773628,1.0239903202065521
hill,1,Serum,AKT,AKT,3.057754279085977,2.4672564807148736,1.8286248392128013,8.326754441555465,5.529911840289861,3.5519833996684467
hill,1,Serum,AKT,EGFR,0.004561769440512009,0.4911200517256673,0.004561769440512009,1.0031669819504396,1.4055356549030842,1.0031669819504396
hill,1,Serum,AKT,GSK3,0.20133946783875656,0.586488763808445,0.1604020874447909,1.149765357347781,1.5015877271336164,1.1175985758518012
hill,1,Serum,AKT,MAPK,0.23443630452178432,0.9884799296809632,0.19319454926249136,1.1764469814161334,1.9840933839902262,1.1432924994679015
hill,1,Serum,AKT,MEK,0.32265733444394096,0.48697275828853526,0.06700126148198171,1.2506319976428202,1.4015009849668267,1.0475370430581183
hill,1,Serum,AKT,mTOR,0.45808711632220767,0.756819134319199,0.3152942246212781,1.3737191821792711,1.6897609160717704,1.2442653841097906
hill,1,Serum,AKT,PDK1,0.034202077587903806,1.1274656578244837,0.034202077587903806,1.0239903202065521,2.1847461469208134,1.0239903202065521
mass_action,2,Serum,AKT,AKT,1.5053732743066983,1.7422819679163113,0.6171020891202508,2.838981158429055,3.345639425148677,1.5337911911706779
mass_action,2,Serum,AKT,EGFR,0.0161080253218695,0.45661875832142673,0.0161080253218695,1.0112277961725828,1.372321738265744,1.0112277961725828
mass_action,2,Serum,AKT,GSK3,0.3895118198934482,0.15521677175397636,0.5624111974329242,1.3099500670801862,1.113588927662616,1.4767352452896598
mass_action,2,Serum,AKT,MAPK,0.0932103585000208,0.5523501002024065,0.14574086276243992,1.0667413104043533,1.4664725843349002,1.1062986216145947
mass_action,2,Serum,AKT,MEK,0.449873542272176,0.7293730904237454,0.10898777850906849,1.365920523358652,1.65791850216815,1.0784712956105158
mass_action,2,Serum,AKT,mTOR,0.22044011249269135,0.3485115307071144,0.1565324374272854,1.1650889574825416,1.2732463051862566,1.1146049282321828
mass_action,2,Serum,AKT,PDK1,0.11668742645800749,0.4877672390937705,0.11668742645800749,1.084242471994707,1.4022729930795423,1.084242471994707
mm,2,Serum,AKT,AKT,1.5053732743066983,0.634981027877835,0.3694280139764845,2.838981158429055,1.552917328270424,1.2918405524234842
mm,2,Serum,AKT,EGFR,0.0161080253218695,0.6032899260139355,0.0161080253218695,1.0112277961725828,1.5191769550666532,1.0112277961725828
mm,2,Serum,AKT,GSK3,0.3895118198934482,0.2914527833338114,0.5892815890836406,1.3099500670801862,1.2238720875996305,1.5044973745613968
mm,2,Serum,AKT,MAPK,0.0932103585000208,0.4830998640260358,0.1398163412368718,1.0667413104043533,1.397743720977148,1.1017648494695873
mm,2,Serum,AKT,MEK,0.449873542272176,0.08509703839354366,0.04987173431459491,1.365920523358652,1.06075908762864,1.0351728856361369
mm,2,Serum,AKT,mTOR,0.22044011249269135,0.71018220510983,0.06902201272648423,1.1650889574825416,1.6360107239745227,1.0490053332384175
mm,2,Serum,AKT,PDK1,0.11668742645800749,0.793384495926938,0.11668742645800749,1.084242471994707,1.7331355531408712,1.084242471994707
hill,2,Serum,AKT,AKT,1.5053732743066983,0.9148754759355948,0.2762438344335225,2.838981158429055,1.8854063287861262,1.2110377479593086
hill,2,Serum,AKT,EGFR,0.0161080253218695,0.5026663076070248,0.0161080253218695,1.0112277961725828,1.4168296488249572,1.0112277961725828
hill,2,Serum,AKT,GSK3,0.3895118198934482,0.004362523923759798,0.7512533751769956,1.3099500670801862,1.0030284476680322,1.6832545623657997
hill,2,Serum,AKT,MAPK,0.0932103585000208,0.6608332666591581,0.13445211375931376,1.0667413104043533,1.580995505820498,1.097675874862438
hill,2,Serum,AKT,MEK,0.449873542272176,0.6141889661167703,0.06021494634625335,1.365920523358652,1.5306972494560211,1.0426210888163425
hill,2,Serum,AKT,mTOR,0.22044011249269135,0.9944661381487153,0.07764722079176178,1.1650889574825416,1.9923431329400367,1.055295636845017
hill,2,Serum,AKT,PDK1,0.11668742645800749,1.2099510066945875,0.11668742645800749,1.084242471994707,2.3132978078743145,1.084242471994707
mass_action,3,Serum,AKT,AKT,3.3333225597803464,3.5702312533899594,2.4450513745938993,10.079293130165201,11.878092383174089,5.445450375876753
mass_action,3,Serum,AKT,EGFR,0.04027101764443097,0.4807817506439882,0.04027101764443097,1.0283069812403274,1.3954996384669063,1.0283069812403274
mass_action,3,Serum,AKT,GSK3,0.5276580181326456,0.7619530662721175,0.3547586405931695,1.441587111716167,1.6957847611310441,1.2787716279664714
mass_action,3,Serum,AKT,MAPK,0.023156986975723548,0.6224034717267037,0.07568749123814267,1.0161807127629185,1.5394376872516398,1.053863116461497
mass_action,3,Serum,AKT,MEK,0.033091791966168405,0.246407756185401,0.37397755572927593,1.0232025692773856,1.1862497277865136,1.2959208043994381
mass_action,3,Serum,AKT,mTOR,0.32454111397012597,0.8934927571699317,0.3884487890355319,1.2522660600446724,1.8576680888295272,1.308985203126873
mass_action,3,Serum,AKT,PDK1,0.06300999101069692,0.43408980364645994,0.06300999101069692,1.0446429972435873,1.3510581814318563,1.0446429972435873
mm,3,Serum,AKT,AKT,3.3333225597803464,2.4629303133514835,2.1973772994501326,10.079293130165201,5.513354293345069,4.586448052552733
mm,3,Serum,AKT,EGFR,0.04027101764443097,0.627452918336497,0.04027101764443097,1.0283069812403274,1.5448351741785493,1.0283069812403274
mm,3,Serum,AKT,GSK3,0.5276580181326456,0.6257170546922823,0.32788824894245316,1.441587111716167,1.5429775323973938,1.2551747617672304
mm,3,Serum,AKT,MAPK,0.023156986975723548,0.553153235550333,0.06976296971257456,1.0161807127629185,1.4672891837029844,1.0495442326188231
mm,3,Serum,AKT,MEK,0.033091791966168405,0.39786829584480077,0.5328370685529393,1.0232025692773856,1.3175596657424753,1.446771484821627
mm,3,Serum,AKT,mTOR,0.32454111397012597,1.2551634315726474,0.4759592137363331,1.2522660600446724,2.38694186861652,1.3908426508033933
mm,3,Serum,AKT,PDK1,0.06300999101069692,0.7397070604796275,0.06300999101069692,1.0446429972435873,1.6698367437420776,1.0446429972435873
hill,3,Serum,AKT,AKT,3.3333225597803464,2.742824761409243,2.104193119907171,10.079293130165201,6.693796822455694,4.299572195868812
hill,3,Serum,AKT,EGFR,0.04027101764443097,0.5268292999295863,0.04027101764443097,1.0283069812403274,1.4407592677232288,1.0283069812403274
hill,3,Serum,AKT,GSK3,0.5276580181326456,0.912807314102334,0.1659164628490981,1.441587111716167,1.8827054587384169,1.1218785179113877
hill,3,Serum,AKT,MAPK,0.023156986975723548,0.7308866381834553,0.06439874223501652,1.0161807127629185,1.6596587560069407,1.0456490641367968
hill,3,Serum,AKT,MEK,0.033091791966168405,0.1312236318784259,0.4227503878920911,1.0232025692773856,1.09522222782131,1.340480644330678
hill,3,Serum,AKT,mTOR,0.32454111397012597,1.5394473646115325,0.46733400567105554,1.2522660600446724,2.9068313373349506,1.3825522511873034
hill,3,Serum,AKT,PDK1,0.06300999101069692,1.156273571247277,0.06300999101069692,1.0446429972435873,2.228809899956253,1.0446429972435873
mass_action,4,Serum,AKT,AKT,3.301305381247282,3.538214074856895,2.4130341960608344,9.858071065550384,11.617389962204987,5.325932691516157
mass_action,4,Serum,AKT,EGFR,0.0530076653569278,0.38750306764262943,0.0530076653569278,1.037425448621173,1.3081274129391096,1.037425448621173
mass_action,4,Serum,AKT,GSK3,0.39469498953234183,0.6289900376718136,0.2217956119928658,1.3146647881450164,1.5464819958593208,1.1661841436450084
mass_action,4,Serum,AKT,MAPK,0.5156414272419285,0.12991903146049877,0.5681719315043476,1.4296296167718165,1.094232287813016,1.4826436916130583
mass_action,4,Serum,AKT,MEK,0.047441643416314516,0.2320579047352549,0.38832740717942205,1.0334306970905605,1.174509110957245,1.308875075646539
mass_action,4,Serum,AKT,mTOR,0.16864834941215923,0.4003032937876465,0.10474067434675327,1.1240049191176653,1.3197853364311307,1.075301086805244
mass_action,4,Serum,AKT,PDK1,0.15792354354435278,0.5290033561801157,0.15792354354435278,1.1156801946429336,1.4429320435891853,1.1156801946429336
mm,4,Serum,AKT,AKT,3.301305381247282,2.4309131348184185,2.165360120917068,9.858071065550384,5.392346242088324,4.4857838993892765
mm,4,Serum,AKT,EGFR,0.0530076653569278,0.5341742353351382,0.0530076653569278,1.037425448621173,1.4481130514914482,1.037425448621173
mm,4,Serum,AKT,GSK3,0.39469498953234183,0.4927540260919786,0.19492522034214943,1.3146647881450164,1.4071284449309989,1.14466482729528
mm,4,Serum,AKT,MAPK,0.5156414272419285,0.06066879528412805,0.5622474099787795,1.4296296167718165,1.0429491324413458,1.4765676028078534
mm,4,Serum,AKT,MEK,0.047441643416314516,0.4122181472949469,0.5471869200030854,1.0334306970905605,1.3307302431699883,1.461233688208844
mm,4,Serum,AKT,mTOR,0.16864834941215923,0.7619739681903621,0.0172302496459521,1.1240049191176653,1.6958093300178851,1.0120147025411275
mm,4,Serum,AKT,PDK1,0.15792354354435278,0.8346206130132834,0.15792354354435278,1.1156801946429336,1.7833879978096219,1.1156801946429336
hill,4,Serum,AKT,AKT,3.301305381247282,2.7108075828761784,2.072175941374106,9.858071065550384,6.546880214906699,4.205204443502929
hill,4,Serum,AKT,EGFR,0.0530076653569278,0.4335506169282275,0.0530076653569278,1.037425448621173,1.3505533370294227,1.037425448621173
hill,4,Serum,AKT,GSK3,0.39469498953234183,0.7798442855020302,0.03295343424879438,1.3146647881450164,1.716945547678518,1.0231044465419794
hill,4,Serum,AKT,MAPK,0.5156414272419285,0.23840219791725037,0.5568831825012215,1.4296296167718165,1.1796854219001092,1.4710876245379645
hill,4,Serum,AKT,MEK,0.047441643416314516,0.11687378042827978,0.4371002393422372,1.0334306970905605,1.0843825334310389,1.3538803442268423
hill,4,Serum,AKT,mTOR,0.16864834941215923,1.0462579012292474,0.025855457711229657,1.1240049191176653,2.0651662143318523,1.0180831938362804
hill,4,Serum,AKT,PDK1,0.15792354354435278,1.2511871237809329,0.15792354354435278,1.1156801946429336,2.38037211714105,1.1156801946429336
mass_action,5,Insulin,AKT,AKT,2.154306798943866,2.804874855208623,1.8212600166300417,4.451547033539801,6.987976977649372,3.533897062073468
mass_action,5,Insulin,AKT,EGFR,0.013165897035870788,0.12757551619587337,0.013165897035870788,1.0091676724359258,1.092456258674632,1.0091676724359258
mass_action,5,Insulin,AKT,GSK3,0.06635092019858213,0.09812774600914342,0.07440062433845118,1.0470649383931845,1.070383473246973,1.052923502160616
mass_action,5,Insulin,AKT,MAPK,0.1300102467363451,0.09839983731748125,0.3589262360900587,1.0943014735054226,1.070585365883432,1.2824710293088961
mass_action,5,Insulin,AKT,MEK,0.04731024877095358,0.08792358083256469,0.31903550263871816,1.0333365808200943,1.0628393745522935,1.2474962706155717
mass_action,5,Insulin,AKT,mTOR,0.1286208337769147,0.38965094823557345,0.1577624995482474,1.093248094448156,1.3100764000639715,1.1155556613465871
mass_action,5,Insulin,AKT,PDK1,0.09294113178840266,0.19999687999229027,0.09294113178840266,1.0665422603962882,1.1486958707964612,1.0665422603962882
mm,5,Insulin,AKT,AKT,2.154306798943866,1.7994003945186412,1.5928351946822261,4.451547033539801,3.480755298930032,3.016415555446841
mm,5,Insulin,AKT,EGFR,0.013165897035870788,0.2742466856566317,0.013165897035870788,1.0091676724359258,1.2093624463956407,1.0091676724359258
mm,5,Insulin,AKT,GSK3,0.06635092019858213,0.11590285932666095,0.07998034850103097,1.0470649383931845,1.083652999015101,1.057003642613876
mm,5,Insulin,AKT,MAPK,0.1300102467363451,0.1197303140801278,0.3905277534172791,1.0943014735054226,1.0865317359527282,1.3108728475963567
mm,5,Insulin,AKT,MEK,0.04731024877095358,0.686537038000909,0.4706939533671535,1.0333365808200943,1.6094157295645215,1.3857758824006432
mm,5,Insulin,AKT,mTOR,0.1286208337769147,0.8017769945122626,0.23715751573801724,1.093248094448156,1.7432469947529339,1.1786680896424673
mm,5,Insulin,AKT,PDK1,0.09294113178840266,0.5544600986532799,0.09294113178840266,1.0665422603962882,1.4686189275549903,1.0665422603962882
hill,5,Insulin,AKT,AKT,2.154306798943866,1.927079131497701,1.5483590374618592,4.451547033539801,3.802844984388899,2.9248426995648797
hill,5,Insulin,AKT,EGFR,0.013165897035870788,0.1736230626757984,0.013165897035870788,1.0091676724359258,1.127887412379351,1.0091676724359258
hill,5,Insulin,AKT,GSK3,0.06635092019858213,0.17230817595129683,0.24856060847595796,1.0470649383931845,1.126859912791524,1.1880212226487912
hill,5,Insulin,AKT,MAPK,0.1300102467363451,0.04272922997169415,0.3643253957962913,1.0943014735054226,1.030060610115282,1.2872795568331181
hill,5,Insulin,AKT,MEK,0.04731024877095358,0.2796379944603715,0.37697208065226295,1.0333365808200943,1.213890253048532,1.2986134714367963
hill,5,Insulin,AKT,mTOR,0.1286208337769147,0.9577205379992473,0.2276923741003356,1.093248094448156,1.9422387268838033,1.1709604706664052
hill,5,Insulin,AKT,PDK1,0.09294113178840266,0.9002290024300973,0.09294113178840266,1.0665422603962882,1.8663622116946144,1.0665422603962882
mass_action,6,EGF,AKT,AKT,2.5663591705529196,1.370194476284425,1.2901643826898477,5.923127618795352,2.585054104861699,2.4455591899428257
mass_action,6,EGF,AKT,EGFR,0.03931163108651203,0.47872857689823567,0.03931163108651203,1.0276233884393202,1.3935150434580306,1.0276233884393202
mass_action,6,EGF,AKT,GSK3,0.011250684183309656,0.7264370731556551,0.2226928745404685,1.0078288665835802,1.654547916225814,1.1669096599749407
mass_action,6,EGF,AKT,MAPK,0.5830898857395368,0.10853519684452473,0.30471506360586087,1.498054266359992,1.0781330260739879,1.2351746625086133
mass_action,6,EGF,AKT,MEK,0.47869117672306194,0.2655069430019361,0.1830454896812297,1.3934789186847998,1.202058361939943,1.1352778980794045
mass_action,6,EGF,AKT,mTOR,0.04686956392651076,0.4067730923812064,0.119329026117309,1.0330209865918378,1.3257172345951762,1.086229557417842
mass_action,6,EGF,AKT,PDK1,0.20144321204632032,0.7110574130643071,0.20144321204632032,1.1498480399531623,1.6370035075918306,1.1498480399531623
mm,6,EGF,AKT,AKT,2.5663591705529196,0.6517627253038796,1.0304459874689198,5.923127618795352,1.5710866213031232,2.0426556100753075
mm,6,EGF,AKT,EGFR,0.03931163108651203,0.3320574093275326,0.03931163108651203,1.0276233884393202,1.2588072643685824,1.0276233884393202
mm,6,EGF,AKT,GSK3,0.011250684183309656,0.2674354113619123,0.18264903477128946,1.0078288665835802,1.2036662426633473,1.1349659647549635
mm,6,EGF,AKT,MAPK,0.5830898857395368,0.006784149821175811,0.2908193725869612,1.498054266359992,1.0047134880221738,1.2233348683270822
mm,6,EGF,AKT,MEK,0.47869117672306194,0.725374484434528,0.04147049669750391,1.3934789186847998,1.6533297400936597,1.0291622871357702
mm,6,EGF,AKT,mTOR,0.04686956392651076,0.13074280415273942,0.1228638259222623,1.0330209865918378,1.0948572681785784,1.088894231198335
mm,6,EGF,AKT,PDK1,0.20144321204632032,0.18319393830353636,0.20144321204632032,1.1498480399531623,1.135394720488883,1.1498480399531623
hill,6,EGF,AKT,AKT,2.5663591705529196,0.564965430348304,1.0151253306687171,5.923127618795352,1.479352060802183,2.0210784616874435
hill,6,EGF,AKT,EGFR,0.03931163108651203,0.43268103067134356,0.03931163108651203,1.0276233884393202,1.3497395345857062,1.0276233884393202
hill,6,EGF,AKT,GSK3,0.011250684183309656,0.6383426596561268,0.2945527848364693,1.0078288665835802,1.556540008591351,1.2265047191138705
hill,6,EGF,AKT,MAPK,0.5830898857395368,0.17650831104496567,0.2956237319418398,1.498054266359992,1.1301453334719582,1.2274155209752375
hill,6,EGF,AKT,MEK,0.47869117672306194,0.6340450409357392,0.11248368445145074,1.3934789186847998,1.551910158424854,1.0810877916606172
hill,6,EGF,AKT,mTOR,0.04686956392651076,0.17542535434444628,0.13427429990168405,1.0330209865918378,1.1292973100276502,1.0975405933590747
hill,6,EGF,AKT,PDK1,0.20144321204632032,0.07147071676267136,0.20144321204632032,1.1498480399531623,1.0507873347706833,1.1498480399531623
mass_action,7,Insulin,AKT,AKT,2.422798732765765,3.0733667890305223,2.089751950451941,5.3621022589641,8.417353979442753,4.2567487834499405
mass_action,7,Insulin,AKT,EGFR,0.1065514109816652,0.2209610301416678,0.1065514109816652,1.0766515520310094,1.1655097151387512,1.0766515520310094
mass_action,7,Insulin,AKT,GSK3,0.0736746645330476,0.09080400167467795,0.08172436867291666,1.052393807502747,1.0649635122159338,1.058282187491066
mass_action,7,Insulin,AKT,MAPK,0.7073642375430509,0.47895415348922454,0.2184277547166471,1.6328182782670353,1.3937329474089417,1.16346495425294
mass_action,7,Insulin,AKT,MEK,0.42903124860712616,0.2937974190036079,0.06268549719745442,1.3463292302958232,1.2258627142292797,1.0444080605030719
mass_action,7,Insulin,AKT,mTOR,0.15231468079321275,0.4133447952518715,0.18145634656454546,1.1113511102403881,1.331769860020433,1.134028066518869
mass_action,7,Insulin,AKT,PDK1,0.06870624581052237,0.17576199401440998,0.06870624581052237,1.0487757594738343,1.1295608519547875,1.0487757594738343
mm,7,Insulin,AKT,AKT,2.422798732765765,2.0678923283405406,1.8613271285041253,5.3621022589641,4.192736976756715,3.633417448354888
mm,7,Insulin,AKT,EGFR,0.1065514109816652,0.3676321996024261,0.1065514109816652,1.0766515520310094,1.2902335166335364,1.0766515520310094
mm,7,Insulin,AKT,GSK3,0.0736746645330476,0.10857911499219547,0.08730409283549645,1.052393807502747,1.0781658468190622,1.062383093164922
mm,7,Insulin,AKT,MAPK,0.7073642375430509,0.457623676726578,0.18682623738942672,1.6328182782670353,1.3732779706956604,1.1382569256671686
mm,7,Insulin,AKT,MEK,0.42903124860712616,0.30481603816473646,0.08897295353098089,1.3463292302958232,1.2352611156937157,1.0636127329629383
mm,7,Insulin,AKT,mTOR,0.15231468079321275,0.8254708415285607,0.2608513627543153,1.1113511102403881,1.7721132951252234,1.19818556893098
mm,7,Insulin,AKT,PDK1,0.06870624581052237,0.5302252126753997,0.06870624581052237,1.0487757594738343,1.4441546184506853,1.0487757594738343
hill,7,Insulin,AKT,AKT,2.422798732765765,2.1955710653196,1.8168509712837584,5.3621022589641,4.580709476423798,3.523113544187441
hill,7,Insulin,AKT,EGFR,0.1065514109816652,0.26700857662159283,0.1065514109816652,1.0766515520310094,1.2033101794900871,1.0766515520310094
hill,7,Insulin,AKT,GSK3,0.0736746645330476,0.16498443161683135,0.25588435281042343,1.052393807502747,1.1211539793878222,1.1940674661650652
hill,7,Insulin,AKT,MAPK,0.7073642375430509,0.5346247608350116,0.2130285950104145,1.6328182782670353,1.4485653395469633,1.1591189260523864
hill,7,Insulin,AKT,MEK,0.42903124860712616,0.10208300537580106,0.004748919183909628,1.3463292302958232,1.0733220381384296,1.0032971235366064
hill,7,Insulin,AKT,mTOR,0.15231468079321275,0.9814143850155453,0.25138622111663367,1.1113511102403881,1.9744001168954735,1.1903503200521055
hill,7,Insulin,AKT,PDK1,0.06870624581052237,0.8759941164522169,0.06870624581052237,1.0487757594738343,1.8352722800651027,1.0487757594738343
mass_action,8,EGF,AKT,AKT,2.6028619171860377,1.406697222917543,1.3266671293229655,6.074905291839042,2.6512950373519812,2.5082256234605325
mass_action,8,EGF,AKT,EGFR,0.039408187025538055,0.47863202095920965,0.039408187025538055,1.0276921669814756,1.393421782133054,1.0276921669814756
mass_action,8,EGF,AKT,GSK3,0.1900127297447195,0.5476750275942452,0.043930828979058645,1.1407737815403385,1.4617281516292655,1.0309188894839527
mass_action,8,EGF,AKT,MAPK,0.67751919174877,0.014105890835291568,0.39914436961509403,1.599387138668956,1.0098254139756733,1.318725571955558
mass_action,8,EGF,AKT,MEK,0.5234204557406692,0.22077766398432885,0.22777476869883695,1.4373590161301002,1.1653615885764754,1.1710273479829867
mass_action,8,EGF,AKT,mTOR,0.0041874520313096575,0.4578301083390268,0.06827201015948858,1.0029067369604603,1.3734744836526995,1.048460136780855
mass_action,8,EGF,AKT,PDK1,0.007306318967348346,0.5023078820506385,0.007306318967348346,1.0050771999107933,1.4164776930316632,1.0050771999107933
mm,8,EGF,AKT,AKT,2.6028619171860377,0.6882654719369975,1.0669487341020378,6.074905291839042,1.6113450602357553,2.0949978075223252
mm,8,EGF,AKT,EGFR,0.039408187025538055,0.33196085338850656,0.039408187025538055,1.0276921669814756,1.2587230183936888,1.0276921669814756
mm,8,EGF,AKT,GSK3,0.1900127297447195,0.08867336580050245,0.003886989209879621,1.1407737815403385,1.0633918877854418,1.0026978883801485
mm,8,EGF,AKT,MAPK,0.67751919174877,0.10121345583040897,0.3852486785961944,1.599387138668956,1.072675314155633,1.3060848986744489
mm,8,EGF,AKT,MEK,0.5234204557406692,0.6806452054169208,0.08619977571511117,1.4373590161301002,1.6028564280746143,1.061570198616174
mm,8,EGF,AKT,mTOR,0.0041874520313096575,0.079685788194919,0.07180680996444189,1.0029067369604603,1.0567878523567513,1.0510321568638046
mm,8,EGF,AKT,PDK1,0.007306318967348346,0.02555559271013229,0.007306318967348346,1.0050771999107933,1.017871606643915,1.0050771999107933
hill,8,EGF,AKT,AKT,2.6028619171860377,0.601468176981422,1.051628077301835,6.074905291839042,1.5172598399100403,2.072867753712866
hill,8,EGF,AKT,EGFR,0.039408187025538055,0.43258447473231754,0.039408187025538055,1.0276921669814756,1.3496492029470493,1.0276921669814756
hill,8,EGF,AKT,GSK3,0.1900127297447195,0.45958061409471695,0.11579073927505945,1.1407737815403385,1.3751420115322364,1.0835687854386709
hill,8,EGF,AKT,MAPK,0.67751919174877,0.08207900503573251,0.39005303795107293,1.599387138668956,1.0585423613093885,1.3104415788758235
hill,8,EGF,AKT,MEK,0.5234204557406692,0.589315761918132,0.157212963469058,1.4373590161301002,1.5045330117177085,1.1151308166457141
hill,8,EGF,AKT,mTOR,0.0041874520313096575,0.12436833838662587,0.08321728394386363,1.0029067369604603,1.0900303753034235,1.059377875309596
hill,8,EGF,AKT,PDK1,0.007306318967348346,0.1372788142509973,0.007306318967348346,1.0050771999107933,1.0998286809112021,1.0050771999107933
mass_action,9,Insulin,AKT,AKT,3.201810567216272,3.8523786234810293,2.8687637849024483,9.20112691535438,14.44380179934844,7.304389941058282
mass_action,9,Insulin,AKT,EGFR,0.17697780499280746,0.29138742415281005,0.17697780499280746,1.1305131747163943,1.223816643127228,1.1305131747163943
mass_action,9,Insulin,AKT,GSK3,0.05008844024608583,0.21456710645381138,0.04203873610621678,1.0353283897080183,1.160355687043305,1.029567726773921
mass_action,9,Insulin,AKT,MAPK,0.16814390992745087,0.06026617412637547,0.3207925728989529,1.1236119785910754,1.0426581112713023,1.249016532255656
mass_action,9,Insulin,AKT,MEK,0.1432332979280897,0.007999468324571435,0.22311245348158204,1.104377421377238,1.0055602098199752,1.1672490816193384
mass_action,9,Insulin,AKT,mTOR,0.11299013097528099,0.14803998348337777,0.08384846520394829,1.0814673654789353,1.1080630567851268,1.0598414561318656
mass_action,9,Insulin,AKT,PDK1,0.08171953399739948,0.1887752822012871,0.08171953399739948,1.0582786410434355,1.1397957214250443,1.0582786410434355
mm,9,Insulin,AKT,AKT,3.201810567216272,2.8469041627910476,2.6403389629546323,9.20112691535438,7.194548552546737,6.2347813346691
mm,9,Insulin,AKT,EGFR,0.17697780499280746,0.43805859361356836,0.17697780499280746,1.1305131747163943,1.3547799994002756,1.1305131747163943
mm,9,Insulin,AKT,GSK3,0.05008844024608583,0.2323422197713289,0.03645901194363699,1.0353283897080183,1.1747405968202727,1.025593491717367
mm,9,Insulin,AKT,MAPK,0.16814390992745087,0.08159665088902202,0.3523940902261733,1.1236119785910754,1.0581885048559052,1.2766774616462213
mm,9,Insulin,AKT,MEK,0.1432332979280897,0.5906139888437729,0.37477090421001735,1.104377421377238,1.5058874936362923,1.2966336366394169
mm,9,Insulin,AKT,mTOR,0.11299013097528099,0.5601660297600669,0.004453449014178434,1.0814673654789353,1.4744388904670749,1.0030916649965058
mm,9,Insulin,AKT,PDK1,0.08171953399739948,0.5432385008622768,0.08171953399739948,1.0582786410434355,1.4572399993658722,1.0582786410434355
hill,9,Insulin,AKT,AKT,3.201810567216272,2.974582899770107,2.5958628057342654,9.20112691535438,7.860291956290358,6.045504783703092
hill,9,Insulin,AKT,EGFR,0.17697780499280746,0.3374349706327351,0.17697780499280746,1.1305131747163943,1.2635081504482073,1.1305131747163943
hill,9,Insulin,AKT,GSK3,0.05008844024608583,0.2887475363959648,0.13212124803129,1.0353283897080183,1.2215793133860078,1.0959038653313125
hill,9,Insulin,AKT,MAPK,0.16814390992745087,0.004595566780588367,0.3261917326051855,1.1236119785910754,1.0031904829480973,1.2536996246891716
hill,9,Insulin,AKT,MEK,0.1432332979280897,0.1837149453032354,0.28104903149512683,1.104377421377238,1.1358048247778696,1.215078086898916
hill,9,Insulin,AKT,mTOR,0.11299013097528099,0.7161095732470516,0.013918590651860074,1.0814673654789353,1.6427461639735141,1.009694320291485
hill,9,Insulin,AKT,PDK1,0.08171953399739948,0.8890074046390941,0.08171953399739948,1.0582786410434355,1.8519015499236857,1.0582786410434355
mass_action,10,EGF,AKT,AKT,2.7961439996734234,1.599979305404929,1.5199492118103515,6.945815068624849,3.031389649242552,2.8678095367753635
mass_action,10,EGF,AKT,EGFR,0.047823601207797495,0.5658638091925452,0.047823601207797495,1.0337043371549497,1.480273553174859,1.0337043371549497
mass_action,10,EGF,AKT,GSK3,0.04957902715093626,0.7872667844899011,0.2835225858747144,1.0349628815987055,1.7258017964303336,1.217163170499445
mass_action,10,EGF,AKT,MAPK,0.3543120387474028,0.3373130438366587,0.07593721661372688,1.278375831649899,1.2634013718244823,1.0540455522042376
mass_action,10,EGF,AKT,MEK,0.12012372581510045,0.6240743939098976,0.1755219612267318,1.0868280651215854,1.5412216891958006,1.1293729334560492
mass_action,10,EGF,AKT,mTOR,0.3580942690589288,0.811736925366646,0.2856348068681306,1.2817316727610213,1.7553234837788907,1.218946499936081
mass_action,10,EGF,AKT,PDK1,0.07281768611842257,0.5824318871364094,0.07281768611842257,1.0517688584035223,1.4973711747619751,1.0517688584035223
mm,10,EGF,AKT,AKT,2.7961439996734234,0.8815475544243834,1.2602308165894238,6.945815068624849,1.8423504997147975,2.3953406088112787
mm,10,EGF,AKT,EGFR,0.047823601207797495,0.4191926416218421,0.047823601207797495,1.0337043371549497,1.3371790356602107,1.0337043371549497
mm,10,EGF,AKT,GSK3,0.04957902715093626,0.3282651226961582,0.24347874610553538,1.0349628815987055,1.2555026926203836,1.1838438050977993
mm,10,EGF,AKT,MAPK,0.3543120387474028,0.22199369717095818,0.06204152559482723,1.278375831649899,1.1663442742662575,1.0439419751354606
mm,10,EGF,AKT,MEK,0.12012372581510045,1.0839419353424895,0.3170969542104576,1.0868280651215854,2.119820247922467,1.245821136343883
mm,10,EGF,AKT,mTOR,0.3580942690589288,0.27422102883270016,0.2821000070631773,1.2817316727610213,1.2093409393393504,1.2159635703868734
mm,10,EGF,AKT,PDK1,0.07281768611842257,0.05456841237563863,0.07281768611842257,1.0517688584035223,1.0385483711870498,1.0517688584035223
hill,10,EGF,AKT,AKT,2.7961439996734234,0.7947502594688078,1.244910159789221,6.945815068624849,1.7347770463555914,2.3700379491260795
hill,10,EGF,AKT,EGFR,0.047823601207797495,0.5198162629656531,0.047823601207797495,1.0337043371549497,1.4337726356823062,1.0337043371549497
hill,10,EGF,AKT,GSK3,0.04957902715093626,0.6991723709903728,0.3553824961707152,1.0349628815987055,1.6235731323939575,1.279324718745776
hill,10,EGF,AKT,MAPK,0.3543120387474028,0.40528615803709966,0.06684588494970578,1.278375831649899,1.3243515689978718,1.0474242306450927
hill,10,EGF,AKT,MEK,0.12012372581510045,0.9926124918437007,0.24608376645651076,1.0868280651215854,1.9897849152578637,1.1859833585506414
hill,10,EGF,AKT,mTOR,0.3580942690589288,0.2295384786409933,0.27068953308375554,1.2817316727610213,1.1724598167237095,1.2063842787711951
hill,10,EGF,AKT,PDK1,0.07281768611842257,0.05715480916522638,0.07281768611842257,1.0517688584035223,1.0404119024895753,1.0517688584035223
mass_action,11,Insulin,AKT,AKT,3.1656380727713636,3.8162061290361207,2.832591290457539,8.97329644140012,14.086156671754827,7.123524853821959
mass_action,11,Insulin,AKT,EGFR,0.03443427543118993,0.14884389459119252,0.03443427543118993,1.0241551419271995,1.1086806734023804,1.0241551419271995
mass_action,11,Insulin,AKT,GSK3,0.2505096403642015,0.08603097415647593,0.25855934450407053,1.1896272835006574,1.061445997578408,1.1962835156447307
mass_action,11,Insulin,AKT,MAPK,0.3571466591018708,0.12873657504804448,0.13178982372453296,1.280890065311408,1.0933358045991577,1.095652136828422
mass_action,11,Insulin,AKT,MEK,0.21218783914529826,0.07695400954178,0.15415791226437348,1.1584436259376742,1.0547886918131717,1.112771913972332
mass_action,11,Insulin,AKT,mTOR,0.0813787112438592,0.34240882570251796,0.1105203770151919,1.0580286624759887,1.2678717560451909,1.079617582034595
mass_action,11,Insulin,AKT,PDK1,0.1311872867294741,0.024131538525586513,0.1311872867294741,1.0951946367417855,1.016867382516645,1.0951946367417855
mm,11,Insulin,AKT,AKT,3.1656380727713636,2.810731668346139,2.6041664685097237,8.97329644140012,7.016403264290975,6.080400985441614
mm,11,Insulin,AKT,EGFR,0.03443427543118993,0.2955150640519508,0.03443427543118993,1.0241551419271995,1.2273230720323063,1.0241551419271995
mm,11,Insulin,AKT,GSK3,0.2505096403642015,0.0682558608389584,0.2641390686666503,1.1896272835006574,1.048448400534756,1.200919184575792
mm,11,Insulin,AKT,MAPK,0.3571466591018708,0.10740609828539793,0.16339134105175335,1.280890065311408,1.077289575323708,1.1199166326223255
mm,11,Insulin,AKT,MEK,0.21218783914529826,0.5216594476265644,0.3058163629928088,1.1584436259376742,1.4356055917353334,1.2361179085807943
mm,11,Insulin,AKT,mTOR,0.0813787112438592,0.7545348719792071,0.18991539320496176,1.0580286624759887,1.687087583861505,1.1406968177859347
mm,11,Insulin,AKT,PDK1,0.1311872867294741,0.3303316801354032,0.1311872867294741,1.0951946367417855,1.2573023990796612,1.0951946367417855
hill,11,Insulin,AKT,AKT,3.1656380727713636,2.9384104053251985,2.5596903112893568,8.97329644140012,7.665662096459594,5.895811139344664
hill,11,Insulin,AKT,EGFR,0.03443427543118993,0.19489144107111755,0.03443427543118993,1.0241551419271995,1.1446380264193587,1.0241551419271995
hill,11,Insulin,AKT,GSK3,0.2505096403642015,0.011850544214322523,0.4327193286415773,1.1896272835006574,1.0082480001773475,1.34977536542256
hill,11,Insulin,AKT,MAPK,0.3571466591018708,0.18440718239383158,0.13718898343076558,1.280890065311408,1.1363499399023178,1.0997602011328071
hill,11,Insulin,AKT,MEK,0.21218783914529826,0.11476040408602683,0.21209449027791827,1.1584436259376742,1.0827952051276557,1.1583686718421362
hill,11,Insulin,AKT,mTOR,0.0813787112438592,0.9104784154661918,0.18045025156728012,1.0580286624759887,1.8796687164144765,1.133237502889773
hill,11,Insulin,AKT,PDK1,0.1311872867294741,0.6761005839122205,0.1311872867294741,1.0951946367417855,1.5978152278221927,1.0951946367417855
mass_action,12,EGF,AKT,AKT,2.5925788721297933,1.3964141778612986,1.316384084266721,6.031759357499119,2.6324646859140706,2.4904113970881605
mass_action,12,EGF,AKT,EGFR,0.12447128446004108,0.6425114924447888,0.12447128446004108,1.0901081591368622,1.561044314191113,1.0901081591368622
mass_action,12,EGF,AKT,GSK3,0.08090557495221645,0.8185933322911811,0.3148491336759946,1.0576817356014263,1.7636855116319539,1.243881570608008
mass_action,12,EGF,AKT,MAPK,0.0028728091070489015,0.6887522734770126,0.275502013026627,1.0019932634465505,1.6118888602686703,1.2104152028114483
mass_action,12,EGF,AKT,MEK,0.09497910406060939,0.6492190156643887,0.20066658298122286,1.0680499383416615,1.568318976725842,1.1492292223475413
mass_action,12,EGF,AKT,mTOR,0.27456751384246547,0.7282101701501826,0.20210805165166723,1.2096314157159511,1.656582634139839,1.15037804849081
mass_action,12,EGF,AKT,PDK1,0.1282309408796012,0.637845141897588,0.1282309408796012,1.0929526806133012,1.5560033235946091,1.0929526806133012
mm,12,EGF,AKT,AKT,2.5925788721297933,0.677982426880753,1.0566656890457935,6.031759357499119,1.5999007685426343,2.0801184582150904
mm,12,EGF,AKT,EGFR,0.12447128446004108,0.4958403248740857,0.12447128446004108,1.0901081591368622,1.4101418796518561,1.0901081591368622
mm,12,EGF,AKT,GSK3,0.08090557495221645,0.3595916704974384,0.2748052939068156,1.0576817356014263,1.283062697796226,1.2098307994608208
mm,12,EGF,AKT,MAPK,0.0028728091070489015,0.5734329268113121,0.28939770404552667,1.0019932634465505,1.4880602355314747,1.2221299566752712
mm,12,EGF,AKT,MEK,0.09497910406060939,1.1090865570969806,0.34224157596494864,1.0680499383416615,2.1570902780372982,1.2677247818604005
mm,12,EGF,AKT,mTOR,0.27456751384246547,0.1906942736162368,0.19857325184671393,1.2096314157159511,1.1413128220395203,1.1475629153625035
mm,12,EGF,AKT,PDK1,0.1282309408796012,0.10998166713681726,0.1282309408796012,1.0929526806133012,1.0792145224364276,1.0929526806133012
hill,12,EGF,AKT,AKT,2.5925788721297933,0.5911851319251775,1.0413450322455904,6.031759357499119,1.5064837717600883,2.058145579176715
hill,12,EGF,AKT,EGFR,0.12447128446004108,0.5964639462178967,0.12447128446004108,1.0901081591368622,1.512006085614557,1.0901081591368622
hill,12,EGF,AKT,GSK3,0.08090557495221645,0.7304989187916529,0.3867090439719954,1.0576817356014263,1.6592127882825058,1.3074076500508685
hill,12,EGF,AKT,MAPK,0.0028728091070489015,0.7567253876774536,0.2845933446906481,1.0019932634465505,1.6896511186023695,1.2180668763582367
hill,12,EGF,AKT,MEK,0.09497910406060939,1.0177571135981918,0.2712283882110018,1.0680499383416615,2.0247687039948468,1.206834954591481
hill,12,EGF,AKT,mTOR,0.27456751384246547,0.14601172342452995,0.18716277786729218,1.2096314157159511,1.1065063445912027,1.1385224802036629
hill,12,EGF,AKT,PDK1,0.1282309408796012,0.001741554404047746,0.1282309408796012,1.0929526806133012,1.0012078824280437,1.0929526806133012
mass_action,13,Insulin,AKT,AKT,3.180058130506852,3.8306261867716094,2.8470113481930275,9.06343626801884,14.22765692513529,7.195083093252803
mass_action,13,Insulin,AKT,EGFR,0.06658580715802742,0.18099542631803,0.06658580715802742,1.0472354262058468,1.1336658187859379,1.0472354262058468
mass_action,13,Insulin,AKT,GSK3,0.20063038671638567,0.3651090529241112,0.19258068257651662,1.149200389307789,1.2879789838098994,1.1428061320341112
mass_action,13,Insulin,AKT,MAPK,0.3991549629313167,0.17074487887749035,0.08978151989508709,1.3187352550333302,1.1256395143986135,1.0642090076413941
mass_action,13,Insulin,AKT,MEK,0.2253537669841852,0.09011993738066693,0.14099198442548655,1.1690638825964677,1.0644586717561157,1.1026630366859724
mass_action,13,Insulin,AKT,mTOR,0.18465144707355174,0.4456815615322105,0.21379311284488445,1.1365423531604708,1.3619573837906325,1.1597333330531232
mass_action,13,Insulin,AKT,PDK1,0.039039250098447165,0.14609499830233477,0.039039250098447165,1.0274293913404342,1.10657021591358,1.0274293913404342
mm,13,Insulin,AKT,AKT,3.180058130506852,2.8251517260816272,2.6185865262452124,9.06343626801884,7.086885430779116,6.141480689447747
mm,13,Insulin,AKT,EGFR,0.06658580715802742,0.3276665957787883,0.06658580715802742,1.0472354262058468,1.2549819337072514,1.0472354262058468
mm,13,Insulin,AKT,GSK3,0.20063038671638567,0.38288416624162874,0.18700095841393682,1.149200389307789,1.303946037432867,1.1383947853352339
mm,13,Insulin,AKT,MAPK,0.3991549629313167,0.1494144021148438,0.12138303722230748,1.3187352550333302,1.1091191830845135,1.0877771586281635
mm,13,Insulin,AKT,MEK,0.2253537669841852,0.5084935197876774,0.29265043515392186,1.1690638825964677,1.4225639606730807,1.2248885055985534
mm,13,Insulin,AKT,mTOR,0.18465144707355174,0.8578076078088996,0.2931881290346543,1.1365423531604708,1.812282181526706,1.225345107849107
mm,13,Insulin,AKT,PDK1,0.039039250098447165,0.5005582169633245,0.039039250098447165,1.0274293913404342,1.4147608649733316,1.0274293913404342
hill,13,Insulin,AKT,AKT,3.180058130506852,2.952830463060687,2.5741103690248455,9.06343626801884,7.742666289601436,5.955036575319934
hill,13,Insulin,AKT,EGFR,0.06658580715802742,0.22704297279795504,0.06658580715802742,1.0472354262058468,1.1704335040422074,1.0472354262058468
hill,13,Insulin,AKT,GSK3,0.20063038671638567,0.4392894828662646,0.01842069843900984,1.149200389307789,1.355936373877906,1.0128501173987072
hill,13,Insulin,AKT,MAPK,0.3991549629313167,0.22641548622327745,0.0951806796013197,1.3187352550333302,1.1699245457414558,1.0681991783258158
hill,13,Insulin,AKT,MEK,0.2253537669841852,0.10159447624713991,0.19892856243903134,1.1690638825964677,1.072958648581382,1.147845574872323
hill,13,Insulin,AKT,mTOR,0.18465144707355174,1.0137511512958843,0.28372298739697266,1.1365423531604708,2.0191542837000536,1.2173322556403505
hill,13,Insulin,AKT,PDK1,0.039039250098447165,0.8463271207401417,0.039039250098447165,1.0274293913404342,1.7979178719741407,1.0274293913404342
mass_action,14,EGF,AKT,AKT,2.5855962742794882,1.3894315800109935,1.309401486416416,6.002636369164349,2.6197544244802726,2.478387007889675
mass_action,14,EGF,AKT,EGFR,0.07021209859697386,0.5882523065817216,0.07021209859697386,1.0498710196374923,1.503424382344589,1.0498710196374923
mass_action,14,EGF,AKT,GSK3,0.022038466843955884,0.7597262241829206,0.25598202556773403,1.0153931741239721,1.6931692866891712,1.1941483091752405
mass_action,14,EGF,AKT,MAPK,0.25199666827953493,0.4396284143045266,0.026378153854140995,1.1908540992359096,1.3562549605783338,1.0184521176595445
mass_action,14,EGF,AKT,MEK,0.18092279028523217,0.5632753294397659,0.11472289675660008,1.133608743026775,1.4776200313343297,1.0827670548759485
mass_action,14,EGF,AKT,mTOR,0.14568665435069472,0.30795600195702244,0.21814611654149296,1.1062570538800238,1.237952536275386,1.163237848623935
mass_action,14,EGF,AKT,PDK1,0.08542361661870272,0.5950378176366895,0.08542361661870272,1.060999235423136,1.5105121803840034,1.060999235423136
mm,14,EGF,AKT,AKT,2.5855962742794882,0.6709998290304482,1.0496830911954884,6.002636369164349,1.5921760088734462,2.070075075844701
mm,14,EGF,AKT,EGFR,0.07021209859697386,0.4415811390110185,0.07021209859697386,1.0498710196374923,1.3580919293328146,1.0498710196374923
mm,14,EGF,AKT,GSK3,0.022038466843955884,0.30072456238917783,0.215938185798555,1.0153931741239721,1.2317628842995594,1.1614589665944584
mm,14,EGF,AKT,MAPK,0.25199666827953493,0.32430906763882605,0.04027384487304064,1.1908540992359096,1.252064658938417,1.0283089964006231
mm,14,EGF,AKT,MEK,0.18092279028523217,1.0231428708723578,0.25629788974032586,1.133608743026775,2.0323415399070526,1.1944097850595148
mm,14,EGF,AKT,mTOR,0.14568665435069472,0.22955989457692338,0.22168091634644627,1.1062570538800238,1.1724772213102446,1.1660914345667386
mm,14,EGF,AKT,PDK1,0.08542361661870272,0.06717434287591878,0.08542361661870272,1.060999235423136,1.0476627245381398,1.060999235423136
hill,14,EGF,AKT,AKT,2.5855962742794882,0.5842025340748727,1.0343624343952855,6.002636369164349,1.4992100549701532,2.0482082878921912
hill,14,EGF,AKT,EGFR,0.07021209859697386,0.5422047603548295,0.07021209859697386,1.0498710196374923,1.4561962108963082,1.0498710196374923
hill,14,EGF,AKT,GSK3,0.022038466843955884,0.6716318106833923,0.32784193586373483,1.0153931741239721,1.5928736243925623,1.2551344690699833
hill,14,EGF,AKT,MAPK,0.25199666827953493,0.5076015285049675,0.03546948551816209,1.1908540992359096,1.421684687906603,1.0248902911964148
hill,14,EGF,AKT,MEK,0.18092279028523217,0.931813427373569,0.18528470198637903,1.133608743026775,1.9076723805814402,1.137041335265662
hill,14,EGF,AKT,mTOR,0.14568665435069472,0.27424244476863024,0.233091390325868,1.1062570538800238,1.2093588914079234,1.175350780944857
hill,14,EGF,AKT,PDK1,0.08542361661870272,0.04454887866494623,0.08542361661870272,1.060999235423136,1.0313606291285322,1.060999235423136
mass_action,15,Insulin,AKT,AKT,3.1921942361887425,3.8427622924535,2.859147453874918,9.140000449211602,14.347846318048916,7.255864195404162
mass_action,15,Insulin,AKT,EGFR,0.044408452701555134,0.15881807186155772,0.044408452701555134,1.031260245639641,1.1163721752520712,1.031260245639641
mass_action,15,Insulin,AKT,GSK3,0.09230628809442365,0.2567849543021492,0.0842565839545546,1.0660730422606612,1.1948130947511053,1.0601413132357058
mass_action,15,Insulin,AKT,MAPK,0.034007600802353544,0.2624176848561799,0.5229440836287573,1.0238522945541653,1.199487135538861,1.4368844843007105
mass_action,15,Insulin,AKT,MEK,0.09322605476471457,0.22845988436823284,0.4595718061743863,1.0667529164226586,1.171583584533857,1.375133616061285
mass_action,15,Insulin,AKT,mTOR,0.13862365115889208,0.39965376561755084,0.16776531693022478,1.1008543861063116,1.3191912782366002,1.1233171582695636
mass_action,15,Insulin,AKT,PDK1,0.021666438817066622,0.08538930938682099,0.021666438817066622,1.015131368262907,1.0609740052026297,1.015131368262907
mm,15,Insulin,AKT,AKT,3.1921942361887425,2.837287831763518,2.630722631927103,9.140000449211602,7.146752523586856,6.193361391909123
mm,15,Insulin,AKT,EGFR,0.044408452701555134,0.30548924132231603,0.044408452701555134,1.031260245639641,1.2358376586983972,1.031260245639641
mm,15,Insulin,AKT,GSK3,0.09230628809442365,0.2745600676196667,0.07867685979197481,1.0660730422606612,1.2096251724271576,1.056049061058023
mm,15,Insulin,AKT,MAPK,0.034007600802353544,0.28374816161882643,0.5545456009559777,1.0238522945541653,1.2173534975929314,1.4687059688337156
mm,15,Insulin,AKT,MEK,0.09322605476471457,0.8270733415365772,0.6112302569028216,1.0667529164226586,1.7740827961352512,1.5275612802239409
mm,15,Insulin,AKT,mTOR,0.13862365115889208,0.81177981189424,0.24716033311999464,1.1008543861063116,1.7553756644863923,1.1868686923268081
mm,15,Insulin,AKT,PDK1,0.021666438817066622,0.43985252804781066,0.021666438817066622,1.015131368262907,1.3564656627554834,1.015131368262907
hill,15,Insulin,AKT,AKT,3.1921942361887425,2.964966568742578,2.586246474706736,9.140000449211602,7.808073149337839,6.005342274602131
hill,15,Insulin,AKT,EGFR,0.044408452701555134,0.20486561834148276,0.044408452701555134,1.031260245639641,1.152578983368137,1.031260245639641
hill,15,Insulin,AKT,GSK3,0.09230628809442365,0.3309653842443026,0.08990340018295218,1.0660730422606612,1.2578547907407251,1.0642989168568049
hill,15,Insulin,AKT,MAPK,0.034007600802353544,0.20674707751039278,0.5283432433349899,1.0238522945541653,1.1540830745795199,1.4422719733230636
hill,15,Insulin,AKT,MEK,0.09322605476471457,0.42017429799603967,0.5175083841879311,1.0667529164226586,1.3380892051504782,1.4314808636354486
hill,15,Insulin,AKT,mTOR,0.13862365115889208,0.9677233553812247,0.237695191482313,1.1008543861063116,1.9557518848773698,1.1791074474645271
hill,15,Insulin,AKT,PDK1,0.021666438817066622,0.785621431824628,0.021666438817066622,1.015131368262907,1.7238346904890551,1.015131368262907
mass_action,16,EGF,AKT,AKT,2.6230857320940246,1.4269210378255297,1.3468909442309522,6.160663480187437,2.6887228240017316,2.5436337286248976
mass_action,16,EGF,AKT,EGFR,0.01272995334603877,0.5307701613307865,0.01272995334603877,1.0088627751402806,1.4447002214704803,1.0088627751402806
mass_action,16,EGF,AKT,GSK3,0.06813247538642125,0.805820232725386,0.3020760341101994,1.0483587365759828,1.748139400025154,1.2329173019814428
mass_action,16,EGF,AKT,MAPK,0.0847116056499626,0.7763366882340241,0.36308642778363853,1.0604757313655249,1.712776240753553,1.2861745322048972
mass_action,16,EGF,AKT,MEK,0.047624931290395356,0.6965731884346027,0.2480207557514369,1.0335619981228643,1.6206507102953422,1.1875767513685387
mass_action,16,EGF,AKT,mTOR,0.08798802367054703,0.5416306799782642,0.015528561479748793,1.0628868509166107,1.455616873377819,1.010821714315591
mass_action,16,EGF,AKT,PDK1,0.09380147667653731,0.6034156776945241,0.09380147667653731,1.0671784779001503,1.5193093790203944,1.0671784779001503
mm,16,EGF,AKT,AKT,2.6230857320940246,0.7084892868449842,1.0871725490100246,6.160663480187437,1.6340920869845657,2.12457246061335
mm,16,EGF,AKT,EGFR,0.01272995334603877,0.3840989937600834,0.01272995334603877,1.0088627751402806,1.305044493175371,1.0088627751402806
mm,16,EGF,AKT,GSK3,0.06813247538642125,0.3468185709316432,0.2620321943410204,1.0483587365759828,1.271753064776672,1.1991666733965554
mm,16,EGF,AKT,MAPK,0.0847116056499626,0.6610173415683236,0.3769821188025382,1.0604757313655249,1.5811972394943068,1.298622507111112
mm,16,EGF,AKT,MEK,0.047624931290395356,1.1564407298671946,0.3895957487351627,1.0335619981228643,2.229068157149157,1.3100262756944374
mm,16,EGF,AKT,mTOR,0.08798802367054703,0.004114783444318371,0.011993761674795489,1.0628868509166107,1.0028562217940908,1.0083480947098324
mm,16,EGF,AKT,PDK1,0.09380147667653731,0.07555220293375337,0.09380147667653731,1.0671784779001503,1.053764295390327,1.0671784779001503
hill,16,EGF,AKT,AKT,2.6230857320940246,0.6216919918894087,1.0718518922098217,6.160663480187437,1.538678684957593,2.1021300013865916
hill,16,EGF,AKT,EGFR,0.01272995334603877,0.48472261510389436,0.01272995334603877,1.0088627751402806,1.3993167951058156,1.0088627751402806
hill,16,EGF,AKT,GSK3,0.06813247538642125,0.7177258192258578,0.3739359444062002,1.0483587365759828,1.6445875577547562,1.2958834269911303
hill,16,EGF,AKT,MAPK,0.0847116056499626,0.8443098024344651,0.37217775944765963,1.0604757313655249,1.7954056029783778,1.2943051204706149
hill,16,EGF,AKT,MEK,0.047624931290395356,1.0651112863684058,0.31858256098121585,1.0335619981228643,2.0923312712594035,1.2471046741085465
hill,16,EGF,AKT,mTOR,0.08798802367054703,0.04056776674738849,0.0005832876953737465,1.0628868509166107,1.0285185162847683,1.0004043859634713
hill,16,EGF,AKT,PDK1,0.09380147667653731,0.036171018607111645,0.09380147667653731,1.0671784779001503,1.0253887813630382,1.0671784779001503
